,PORO,PERM,ACTNUM
0,0.48605,1288.7,0.0
1,0.30052936,632.8,0.0
2,0.34735528,309.5,0.0
3,0.3901789,1083.3,0.0
4,0.29250276,686.0,0.0
5,0.44824904,1202.1,0.0
6,0.31748703,561.2,0.0
7,0.3576779,1014.1,0.0
8,0.30509686,610.9,0.0
9,0.2901473,765.0,0.0
10,0.3560739,396.7,0.0
11,0.3060445,606.7,0.0
12,0.29543403,817.6,0.0
13,0.33412862,280.1,0.0
14,0.357201,368.2,0.0
15,0.30996504,590.2,0.0
16,0.3193046,916.0,0.0
17,0.53409743,1504.7,0.0
18,0.36637938,1952.2,0.0
19,0.5334101,1542.4,0.0
20,0.35434726,411.7,0.0
21,0.29398444,673.3,0.0
22,0.3435805,299.5,0.0
23,0.35709324,364.1,0.0
24,0.2910922,701.5,0.0
25,0.29269853,796.9,0.0
26,0.3162152,906.3,0.0
27,0.29636016,656.6,0.0
28,0.4104103,1124.4,0.0
29,0.53420085,1513.5,0.0
30,0.5336242,1491.1,0.0
31,0.2968203,653.7,0.0
32,0.33615503,494.2,0.0
33,0.35380483,415.5,0.0
34,0.32580495,531.2,0.0
35,0.35070968,998.2,0.0
36,0.3563576,393.4,0.0
37,0.28971466,225.7,0.0
38,0.34330952,466.9,0.0
39,0.3313487,950.3,0.0
40,0.5331099,1482.2,0.0
41,0.25040025,2310.2,0.0
42,0.2761039,2121.9,0.0
43,0.436392,1177.3,0.0
44,0.30163455,627.2,0.0
45,0.28957132,739.6,0.0
46,0.30510333,240.9,0.0
47,0.33616048,283.8,0.0
48,0.3495474,439.5,0.0
49,0.35219553,425.5,0.0
50,0.3372125,285.8,0.0
51,0.34374395,981.7,0.0
52,0.30408427,615.5,0.0
53,0.29333115,678.6,0.0
54,0.29458284,811.8,0.0
55,0.32520413,933.4,0.0
56,0.3304004,514.9,0.0
57,0.3180764,256.1,0.0
58,0.005868344,89.4,0.0
59,0.5274813,1433.4,0.0
60,0.29207674,690.2,0.0
61,0.29255563,685.5,0.0
62,0.35718125,377.4,0.0
63,0.5199275,1395.3,0.0
64,0.5121136,1365.1,0.0
65,0.2897988,756.1,0.0
66,0.34162098,473.6,0.0
67,0.28987715,758.5,0.0
68,0.2895956,735.8,0.0
69,0.302534,622.8,0.0
70,0.31641078,565.2,0.0
71,0.30024797,844.6,0.0
72,0.35716552,378.1,0.0
73,0.33803108,287.4,0.0
74,0.3381854,486.7,0.0
75,0.2996184,637.6,0.0
76,0.37797174,1058.0,0.0
77,0.2920809,2085.9,0.0
78,0.48628548,1289.3,0.0
79,0.3214894,922.6,0.0
80,0.2619113,203.1,1.0
81,0.2937328,805.5,1.0
82,0.33917236,289.7,1.0
83,0.3521826,326.3,1.0
84,0.30606732,606.6,1.0
85,0.31043524,588.3,1.0
86,0.33642793,493.2,1.0
87,0.2896899,729.9,1.0
88,0.44536227,1196.0,1.0
89,0.25716937,2336.2,1.0
90,0.38031313,1062.9,1.0
91,0.33647949,284.4,1.0
92,0.355786,346.9,1.0
93,0.357219,375.1,1.0
94,0.34940413,440.2,1.0
95,0.3235567,539.2,1.0
96,0.35721782,375.2,1.0
97,0.3568355,358.7,1.0
98,0.3291048,519.5,1.0
99,0.38271463,1067.9,1.0
100,0.5283441,1589.8,1.0
101,1.372973,2949.0,1.0
102,0.5279635,1592.2,1.0
103,0.2906538,707.7,1.0
104,0.29110938,780.2,1.0
105,0.35063842,434.0,1.0
106,0.34792027,447.2,0.0
107,0.34732428,449.9,0.0
108,0.3503275,435.6,0.0
109,0.35716778,366.6,0.0
110,0.34637287,454.1,0.0
111,0.32904896,944.1,0.0
112,0.295423,662.8,0.0
113,0.33174828,510.1,0.0
114,0.31048495,588.1,0.0
115,0.3138476,574.9,0.0
116,0.2949927,665.8,0.0
117,0.3505612,434.4,0.0
118,0.101981714,121.8,0.0
119,0.3894966,1081.9,0.0
120,0.3255796,532.0,0.0
121,0.35313457,330.6,0.0
122,0.30346686,859.4,0.0
123,0.53312325,1482.4,0.0
124,0.518654,1637.2,0.0
125,0.29618922,657.7,0.0
126,0.32907662,519.6,0.0
127,0.29380706,674.7,0.0
128,0.3561813,395.5,0.0
129,0.34812513,311.8,0.0
130,0.3564997,354.0,0.0
131,0.2938448,674.4,0.0
132,0.31276083,579.1,0.0
133,0.29182976,788.5,0.0
134,0.32357886,263.5,0.0
135,0.35203853,426.4,0.0
136,0.47248328,1763.0,0.0
137,0.2794777,2113.8,1.0
138,0.42231503,1148.5,1.0
139,0.38348556,1069.5,1.0
140,0.26108733,202.5,1.0
141,0.31176537,583.0,1.0
142,0.32099274,548.4,1.0
143,0.35452357,410.4,1.0
144,0.32718652,526.3,1.0
145,0.35690987,360.0,1.0
146,0.3488637,442.8,1.0
147,0.28958857,745.3,1.0
148,0.49723107,1318.6,1.0
149,0.37122017,2495.6,1.0
150,0.28324997,2105.1,1.0
151,0.3008601,631.1,1.0
152,0.26408607,204.7,1.0
153,0.35209107,426.1,1.0
154,0.31335413,576.8,1.0
155,0.3350851,498.1,1.0
156,0.3513136,999.6,1.0
157,0.3408487,476.6,1.0
158,0.32263374,542.5,1.0
159,0.33034086,947.6,1.0
160,0.30562854,2426.6,1.0
161,1.8174684,3176.8,1.0
162,0.38479066,1921.6,1.0
163,0.53418773,1511.0,1.0
164,0.3338407,502.6,1.0
165,0.35686702,385.8,1.0
166,0.2942701,671.1,1.0
167,0.37806708,1058.2,1.0
168,0.32896382,520.0,1.0
169,0.35529763,343.1,1.0
170,0.35610825,349.8,1.0
171,0.33127153,511.8,0.0
172,0.33829254,486.3,0.0
173,0.3231193,927.4,0.0
174,0.29347473,677.4,0.0
175,0.34787658,447.4,0.0
176,0.32199252,544.8,0.0
177,0.35252723,327.8,0.0
178,0.33407214,280.0,0.0
179,0.5017165,1331.6,0.0
180,0.356146,395.9,0.0
181,0.33155206,510.8,0.0
182,0.48991713,1298.7,0.0
183,0.39079505,1911.6,0.0
184,0.24564865,2271.5,0.0
185,0.31579676,567.5,0.0
186,0.35403284,335.2,0.0
187,0.29861712,643.1,0.0
188,0.24036136,188.4,0.0
189,0.2782927,215.8,0.0
190,0.352923,329.6,0.0
191,0.29135388,783.2,0.0
192,0.28975588,727.2,0.0
193,0.34716773,450.6,0.0
194,0.3335629,503.6,0.0
195,0.29067436,774.2,1.0
196,0.5114715,1663.1,1.0
197,0.27178606,2132.8,1.0
198,0.5340602,1526.5,1.0
199,0.3393039,482.5,1.0
200,0.3161803,253.7,1.0
201,0.34595647,455.9,1.0
202,0.28975588,727.2,1.0
203,0.2996268,235.2,1.0
204,0.34399897,464.1,1.0
205,0.2954714,231.1,1.0
206,0.34679845,307.9,1.0
207,0.29859936,643.2,1.0
208,0.4148121,1133.3,1.0
209,0.36238548,2487.7,1.0
210,0.8699329,2762.8,1.0
211,0.31940246,916.3,1.0
212,0.3435805,299.5,1.0
213,0.35543302,403.0,1.0
214,0.35720977,375.8,1.0
215,0.3196408,553.3,1.0
216,0.35657617,390.5,1.0
217,0.35707632,381.1,1.0
218,0.3543514,337.0,1.0
219,0.35235333,1002.0,1.0
220,0.25050247,2310.7,1.0
221,1.1543475,3423.4,1.0
222,0.27737895,2118.8,1.0
223,0.5269775,1598.1,1.0
224,0.26273066,203.7,1.0
225,0.3564405,353.3,1.0
226,0.34719014,450.5,1.0
227,0.32288516,541.6,1.0
228,0.35042524,435.1,1.0
229,0.35722604,370.1,1.0
230,0.2922066,228.0,1.0
231,0.31721425,255.0,1.0
232,0.30976817,591.0,1.0
233,0.31278652,579.0,1.0
234,0.29810095,833.5,0.0
235,0.35672626,357.0,0.0
236,0.3566447,389.5,0.0
237,0.34363088,465.6,0.0
238,0.31881884,556.3,0.0
239,0.42752385,1159.1,0.0
240,0.2901716,765.5,0.0
241,0.2903046,713.6,0.0
242,0.47009787,1250.2,0.0
243,0.5035736,1337.2,0.0
244,0.3474234,990.5,0.0
245,0.35593578,348.2,0.0
246,0.35175467,428.0,0.0
247,0.335186,282.0,0.0
248,0.28281245,219.6,0.0
249,0.3471004,450.9,0.0
250,0.34973547,317.0,0.0
251,0.36911604,1039.2,0.0
252,0.30126908,849.5,0.0
253,0.31314725,577.6,1.0
254,0.31737894,561.6,1.0
255,0.30780903,877.0,1.0
256,0.2983216,2073.1,1.0
257,0.5129882,1658.0,1.0
258,0.31986102,917.7,1.0
259,0.2899358,760.1,1.0
260,0.35058436,320.0,1.0
261,0.28957024,740.1,1.0
262,0.33439496,500.6,1.0
263,0.29042125,711.5,1.0
264,0.35696626,383.8,1.0
265,0.33815858,486.8,1.0
266,0.2860341,222.4,1.0
267,0.3567408,388.0,1.0
268,0.31213605,892.7,1.0
269,0.5251626,1608.0,1.0
270,0.24633363,2237.1,1.0
271,0.4444588,1194.1,1.0
272,0.29325777,801.7,1.0
273,0.3556817,400.7,1.0
274,0.29537928,663.1,1.0
275,0.33478183,499.2,1.0
276,0.33478183,499.2,1.0
277,0.35483634,408.0,1.0
278,0.4540005,1214.4,1.0
279,0.3389468,1998.5,1.0
280,0.36425728,2489.4,1.0
281,1.6469336,3328.0,1.0
282,1.0003554,2813.1,1.0
283,0.3860473,1074.8,1.0
284,0.1698563,150.2,1.0
285,0.34555626,304.5,1.0
286,0.303226,619.5,1.0
287,0.33650967,492.9,1.0
288,0.3287382,520.8,1.0
289,0.3071067,602.1,1.0
290,0.35723138,370.8,1.0
291,0.31032744,246.7,1.0
292,0.2928823,682.5,1.0
293,0.28971946,753.2,1.0
294,0.29058993,708.7,1.0
295,0.34802926,446.7,1.0
296,0.32386503,538.1,0.0
297,0.28957987,737.7,0.0
298,0.47779697,1751.5,0.0
299,0.3418137,977.0,0.0
300,0.39924845,1101.8,0.0
301,0.29460493,668.6,0.0
302,0.36063704,1020.7,0.0
303,0.35901362,2484.6,0.0
304,1.1599566,2871.7,0.0
305,0.3872111,1077.2,0.0
306,0.33579937,495.5,0.0
307,0.2987303,234.3,0.0
308,0.35626772,351.4,0.0
309,0.2958849,231.5,0.0
310,0.28991693,759.6,0.0
311,0.3311031,512.4,1.0
312,0.3065494,604.5,1.0
313,0.3529658,329.8,1.0
314,0.3571791,377.5,1.0
315,0.51473683,1651.9,1.0
316,1.1607858,2872.0,1.0
317,0.4118943,1127.4,1.0
318,0.33914503,483.1,1.0
319,0.35655645,354.7,1.0
320,0.33428425,501.0,1.0
321,0.31655812,907.4,1.0
322,0.31923342,257.6,1.0
323,0.35722604,370.1,1.0
324,0.30297267,620.7,1.0
325,0.31486967,571.0,1.0
326,0.072283305,111.0,1.0
327,0.35653335,391.1,1.0
328,0.30163455,627.2,1.0
329,0.5341769,1509.8,1.0
330,0.306704,2428.0,1.0
331,0.36244807,1024.7,1.0
332,0.30212182,624.8,1.0
333,0.3253825,532.7,1.0
334,0.347745,448.0,1.0
335,0.3264532,528.9,1.0
336,0.2973273,650.6,1.0
337,0.31797463,559.4,1.0
338,0.38939917,1081.7,1.0
339,0.39600068,1902.9,1.0
340,0.24732518,2291.4,1.0
341,0.5115621,1662.8,1.0
342,1.4794112,2989.2,1.0
343,0.29298347,681.6,1.0
344,0.3518796,427.3,1.0
345,0.3282567,270.4,1.0
346,0.30243045,623.3,1.0
347,0.3569931,383.2,1.0
348,0.31566375,568.0,1.0
349,0.3266224,528.3,1.0
350,0.3377556,488.3,1.0
351,0.34036613,292.2,1.0
352,0.29490846,666.4,1.0
353,0.3408487,476.6,1.0
354,0.28962868,733.2,1.0
355,0.31153762,583.9,1.0
356,0.28958052,737.6,1.0
357,0.29612336,822.0,0.0
358,0.37408277,1049.8,0.0
359,0.3166833,907.8,0.0
360,0.28971702,753.1,0.0
361,0.3096044,883.7,0.0
362,0.2900437,719.0,0.0
363,0.31370172,2436.8,0.0
364,0.2509131,2204.0,0.0
365,0.30586675,869.4,0.0
366,0.33267134,506.8,0.0
367,0.32163057,260.8,0.0
368,0.3428861,468.6,0.0
369,0.3509609,321.4,1.0
370,0.3566184,355.5,1.0
371,0.29537928,663.1,1.0
372,0.30249253,623.0,1.0
373,0.347701,448.2,1.0
374,0.4243819,1152.7,1.0
375,0.50258446,1334.2,1.0
376,0.45379788,1800.7,1.0
377,0.42957994,1163.3,1.0
378,0.35135472,430.2,1.0
379,0.29077354,705.9,1.0
380,0.2990394,838.5,1.0
381,0.2906538,707.7,1.0
382,0.3446303,302.1,1.0
383,0.28957188,739.4,1.0
384,0.30692762,873.6,1.0
385,0.3422824,471.0,1.0
386,0.070566855,110.4,1.0
387,0.3366186,492.5,1.0
388,0.33456087,500.0,1.0
389,0.53113145,1460.0,1.0
390,0.33311933,2008.6,1.0
391,0.4729,1256.7,1.0
392,0.41757953,1138.9,1.0
393,0.30692762,873.6,1.0
394,0.35710365,364.4,1.0
395,0.30157423,627.5,1.0
396,0.31421313,573.5,1.0
397,0.29339066,678.1,1.0
398,0.44226363,1189.5,1.0
399,0.48864523,2580.7,1.0
400,0.53202426,1468.7,1.0
401,0.30404243,2061.8,1.0
402,1.8264223,3217.5,1.0
403,0.5125378,1366.6,1.0
404,0.29534292,817.0,1.0
405,0.308265,597.2,1.0
406,0.32442635,536.1,1.0
407,0.3539223,414.7,1.0
408,0.31764936,560.6,1.0
409,0.28963023,733.1,1.0
410,0.33551377,282.6,1.0
411,0.35189706,325.1,1.0
412,0.2915504,695.9,1.0
413,0.29003516,719.2,1.0
414,0.29594418,659.3,1.0
415,0.32893562,520.1,1.0
416,0.29135388,783.2,1.0
417,0.3541862,1006.2,1.0
418,0.31156173,890.7,0.0
419,0.46535456,1239.4,0.0
420,0.29805598,646.3,0.0
421,0.27719697,214.9,0.0
422,0.29014322,716.8,0.0
423,0.32367018,929.0,0.0
424,1.1472518,2867.1,0.0
425,0.2930545,800.0,0.0
426,0.289636,749.1,0.0
427,0.34682953,452.1,0.0
428,0.35250375,423.7,1.0
429,0.3419571,295.7,1.0
430,0.3572174,369.3,1.0
431,0.28984928,724.1,1.0
432,0.2949927,665.8,1.0
433,0.29094282,703.5,1.0
434,0.5341805,1519.4,1.0
435,0.5170798,1643.3,1.0
436,0.30142972,2421.0,1.0
437,0.52943677,1446.4,1.0
438,0.29160297,695.3,1.0
439,0.34453344,461.9,1.0
440,0.42172387,1147.3,1.0
441,0.3060288,241.9,1.0
442,0.35684747,358.9,1.0
443,0.28957403,738.8,1.0
444,0.315967,905.5,1.0
445,0.31414562,251.2,1.0
446,0.35686505,359.2,1.0
447,0.34704423,308.6,1.0
448,0.19087733,160.4,1.0
449,0.4982768,1702.1,1.0
450,0.51441944,2596.2,1.0
451,0.34729663,990.2,1.0
452,0.33086222,949.0,1.0
453,0.35714415,365.7,1.0
454,0.35699525,361.7,1.0
455,0.28958943,745.4,1.0
456,0.3461653,455.0,1.0
457,0.3104601,588.2,1.0
458,0.49010512,2581.6,1.0
459,0.8686784,2762.3,1.0
460,0.39885455,1101.0,1.0
461,0.24673365,2286.2,1.0
462,0.27488956,2124.9,1.0
463,0.25519523,2329.7,1.0
464,0.5307349,1572.5,1.0
465,0.5328462,1550.9,1.0
466,0.34283733,979.5,1.0
467,0.29178303,693.3,1.0
468,0.3441454,463.5,1.0
469,0.3563895,393.0,1.0
470,0.2970547,827.6,1.0
471,0.3550543,341.4,1.0
472,0.2934026,678.0,1.0
473,0.30412078,862.2,1.0
474,0.2931974,801.2,1.0
475,0.33922452,482.8,1.0
476,0.31740597,561.5,1.0
477,0.3003911,845.3,1.0
478,0.2899733,720.7,0.0
479,0.32128805,922.0,0.0
480,0.16835135,149.5,0.0
481,0.34320566,298.6,0.0
482,0.29313216,680.3,0.0
483,0.42464557,1854.0,0.0
484,0.42365527,2537.3,0.0
485,0.52142525,1401.9,0.0
486,0.2938234,806.2,0.0
487,0.29424378,671.3,1.0
488,0.35634267,352.2,1.0
489,0.3520647,325.8,1.0
490,0.35620943,350.8,1.0
491,0.31437024,572.9,1.0
492,0.30862492,595.7,1.0
493,0.2911697,700.5,1.0
494,0.2997841,842.3,1.0
495,0.2476974,2224.1,1.0
496,0.31671578,2037.9,1.0
497,0.53146684,1463.1,1.0
498,0.31821916,558.5,1.0
499,0.35677698,387.4,1.0
500,0.33144408,275.5,1.0
501,0.31460646,572.0,1.0
502,0.2782927,215.8,1.0
503,0.28986952,723.5,1.0
504,0.29241914,686.8,1.0
505,0.33392394,502.3,1.0
506,0.35243592,424.1,1.0
507,0.3524699,423.9,1.0
508,0.3406152,477.5,1.0
509,0.5341572,1521.4,1.0
510,0.51935196,1634.4,1.0
511,0.3202811,2031.4,1.0
512,0.29712355,828.0,1.0
513,0.35605574,349.3,1.0
514,0.3298093,517.0,1.0
515,0.41011354,1123.8,1.0
516,0.29077637,775.7,1.0
517,0.32294795,926.9,1.0
518,0.4576594,1793.2,1.0
519,0.35501456,1971.2,1.0
520,0.40023372,1103.8,1.0
521,0.37135616,1044.0,1.0
522,0.30659595,872.3,1.0
523,0.42359495,1151.1,1.0
524,0.42197022,1147.8,1.0
525,0.4728144,1256.5,1.0
526,0.29921237,639.8,1.0
527,0.32958394,517.8,1.0
528,0.33056918,514.3,1.0
529,0.33601835,494.7,1.0
530,0.35058436,320.0,1.0
531,0.35361022,416.8,1.0
532,0.35387957,1005.5,1.0
533,0.29117283,781.0,1.0
534,0.35641304,392.7,1.0
535,0.34453344,461.9,1.0
536,0.2911489,780.7,1.0
537,0.34032875,478.6,1.0
538,0.28957382,743.0,1.0
539,0.34647748,307.0,0.0
540,0.32921755,519.1,0.0
541,0.33700466,285.4,0.0
542,0.31162265,248.2,0.0
543,0.5171062,1643.2,0.0
544,0.30165046,2421.3,0.0
545,0.33221483,952.6,0.0
546,0.42487347,1153.7,1.0
547,0.43338385,1171.1,1.0
548,0.29674,654.2,1.0
549,0.31642035,254.0,1.0
550,0.2527363,196.6,1.0
551,0.35576427,399.9,1.0
552,0.35486165,407.8,1.0
553,0.2980644,833.3,1.0
554,0.32791865,941.0,1.0
555,0.2925807,2408.4,1.0
556,0.29100144,778.8,1.0
557,0.34014586,479.3,1.0
558,0.3066187,604.2,1.0
559,0.34913722,315.0,1.0
560,0.3540872,335.5,1.0
561,0.29482487,667.0,1.0
562,0.31335413,576.8,1.0
563,0.2945642,668.9,1.0
564,0.354849,407.9,1.0
565,0.35673982,357.2,1.0
566,0.35455027,410.2,1.0
567,0.33540484,282.4,1.0
568,0.3059415,869.7,1.0
569,0.33274546,954.0,1.0
570,0.29420277,2410.8,1.0
571,0.3670764,1034.8,1.0
572,0.31865564,914.0,1.0
573,0.35086802,432.8,1.0
574,0.32361275,539.0,1.0
575,0.3613599,1022.3,1.0
576,0.2959634,821.0,1.0
577,0.48545936,1734.1,1.0
578,0.4160608,1868.9,1.0
579,0.35326767,1004.1,1.0
580,0.33325687,504.7,1.0
581,0.29752526,830.3,1.0
582,0.518157,1387.9,1.0
583,0.5292418,1445.0,1.0
584,0.51403433,1372.0,1.0
585,0.507187,1676.7,1.0
586,0.30090976,847.8,1.0
587,0.44583696,1197.0,1.0
588,0.4593748,1226.1,1.0
589,0.3495077,995.4,1.0
590,0.29588357,659.7,1.0
591,0.0002,83.2,1.0
592,0.29488054,666.6,1.0
593,0.41154802,1126.7,1.0
594,0.29004803,718.9,1.0
595,0.30257553,622.6,1.0
596,0.29054636,709.4,1.0
597,0.30350262,618.2,1.0
598,0.34560567,457.4,1.0
599,0.31410852,573.9,0.0
600,0.34477422,460.9,0.0
601,0.0002,75.8,0.0
602,0.33197236,509.3,0.0
603,0.5183755,1638.3,0.0
604,0.7493955,2712.8,0.0
605,0.31260028,894.3,1.0
606,0.2931256,800.6,1.0
607,0.29304272,799.9,1.0
608,0.3523848,424.4,1.0
609,0.33442262,500.5,1.0
610,0.35672626,357.0,1.0
611,0.35119644,322.3,1.0
612,0.33514017,497.9,1.0
613,0.29099423,702.8,1.0
614,0.5316933,1465.3,1.0
615,0.79517233,2732.3,1.0
616,0.52332133,1410.8,1.0
617,0.34487012,460.5,1.0
618,0.351057,431.8,1.0
619,0.1048815,122.9,1.0
620,0.3228572,541.7,1.0
621,0.35441566,411.2,1.0
622,0.2954036,817.4,1.0
623,0.35628387,394.3,1.0
624,0.29112512,780.4,1.0
625,0.3365369,492.8,1.0
626,0.34312156,298.4,1.0
627,0.35367057,416.4,1.0
628,0.35721982,369.5,1.0
629,0.29630154,823.1,1.0
630,0.25802824,2174.0,1.0
631,0.4580673,1792.4,1.0
632,0.3609236,1961.3,1.0
633,0.35542184,403.1,1.0
634,0.35017002,436.4,1.0
635,0.3111637,889.3,1.0
636,0.29094893,778.1,1.0
637,0.3686024,1948.5,1.0
638,0.33566988,961.6,1.0
639,0.47564858,1756.2,1.0
640,0.35352042,332.5,1.0
641,0.32235473,543.5,1.0
642,0.3571524,366.0,1.0
643,0.5149608,1651.1,1.0
644,0.50642884,1346.1,1.0
645,0.25050247,2310.7,1.0
646,0.52702934,1597.8,1.0
647,0.32737648,939.5,1.0
648,0.44145,1823.9,1.0
649,0.30178538,851.9,1.0
650,0.28637385,222.7,1.0
651,0.3569206,360.2,1.0
652,0.29505908,815.1,1.0
653,0.37479126,1051.3,1.0
654,0.30914158,882.0,1.0
655,0.30953938,245.8,1.0
656,0.35403284,335.2,1.0
657,0.35572323,400.3,1.0
658,0.35448334,410.7,1.0
659,0.2896899,729.9,0.0
660,0.3107091,587.2,0.0
661,0.24980153,194.6,0.0
662,0.2968203,653.7,0.0
663,0.39468628,1905.1,0.0
664,0.25404483,2189.4,0.0
665,0.29641613,823.8,1.0
666,0.29407418,808.1,1.0
667,0.35678288,387.3,1.0
668,0.3493496,315.7,1.0
669,0.34696525,451.5,1.0
670,0.3499713,437.4,1.0
671,0.3032472,619.4,1.0
672,0.33868125,288.7,1.0
673,0.38983765,1082.6,1.0
674,0.30657056,872.2,1.0
675,0.2457567,2273.7,1.0
676,0.53395915,1530.1,1.0
677,0.35557562,401.7,1.0
678,0.28966132,731.3,1.0
679,0.34179983,472.9,1.0
680,0.34662083,307.4,1.0
681,0.2976317,830.9,1.0
682,0.30512804,866.4,1.0
683,0.3568454,386.2,1.0
684,0.33428425,501.0,1.0
685,0.3225221,542.9,1.0
686,0.35675302,387.8,1.0
687,0.3339022,279.7,1.0
688,0.3778288,1057.7,1.0
689,0.52762073,1594.3,1.0
690,0.2911303,2087.9,1.0
691,0.49480698,1711.2,1.0
692,0.5291279,1584.6,1.0
693,0.3290202,519.8,1.0
694,0.3566773,356.3,1.0
695,0.2897449,754.2,1.0
696,0.5044378,1684.9,1.0
697,0.41671634,2532.2,1.0
698,0.5322686,1557.9,1.0
699,0.32510108,533.7,1.0
700,0.34856737,444.2,1.0
701,0.34644178,453.8,1.0
702,0.35622907,351.0,1.0
703,0.3408746,476.5,1.0
704,0.31366023,897.9,1.0
705,0.430606,1165.4,1.0
706,0.39095947,1084.9,1.0
707,0.53012747,1451.6,1.0
708,0.30854997,879.8,1.0
709,0.33115923,512.2,1.0
710,0.3475022,449.1,1.0
711,0.35340086,331.9,1.0
712,0.3454644,458.0,1.0
713,0.2903984,711.9,1.0
714,0.28960502,746.9,1.0
715,0.33610705,283.7,1.0
716,0.28772256,223.9,1.0
717,0.31593934,253.4,1.0
718,0.28959033,745.5,1.0
719,0.4859321,1288.4,0.0
720,0.29007435,718.3,0.0
721,0.2903705,226.3,0.0
722,0.35723466,373.0,0.0
723,0.34805882,992.0,0.0
724,0.31775314,2036.0,1.0
725,0.35785618,1014.5,1.0
726,0.3445093,462.0,1.0
727,0.34448975,983.5,1.0
728,0.2922453,688.5,1.0
729,0.34095222,476.2,1.0
730,0.34958813,439.3,1.0
731,0.29133704,783.0,1.0
732,0.350557,319.9,1.0
733,0.349363,440.4,1.0
734,0.30585176,2058.3,1.0
735,1.3837849,2953.0,1.0
736,0.2820196,2107.9,1.0
737,0.34303594,468.0,1.0
738,0.34828895,445.5,1.0
739,0.35500973,341.1,1.0
740,0.33954164,481.6,1.0
741,0.28969827,752.3,1.0
742,0.28975293,754.5,1.0
743,0.34409663,463.7,1.0
744,0.32969663,517.4,1.0
745,0.35377517,415.7,1.0
746,0.33555254,496.4,1.0
747,0.33255565,953.5,1.0
748,0.31603658,566.6,1.0
749,0.30624208,870.9,1.0
750,0.26094964,2347.2,1.0
751,0.3496789,995.8,1.0
752,0.3348646,498.9,1.0
753,0.31534532,569.2,1.0
754,0.30833688,879.0,1.0
755,0.47990304,1273.4,1.0
756,0.4669033,1242.9,1.0
757,0.2519126,2199.0,1.0
758,0.2896557,731.6,1.0
759,0.35277104,422.1,1.0
760,0.3427394,297.5,1.0
761,0.3546428,409.5,1.0
762,0.34258512,469.8,1.0
763,0.33866653,484.9,1.0
764,0.3087105,880.4,1.0
765,0.36693785,1034.5,1.0
766,0.45754877,1222.1,1.0
767,0.28684792,2097.1,1.0
768,0.31995967,918.0,1.0
769,0.3516467,428.6,1.0
770,0.30093852,630.7,1.0
771,0.31792054,255.9,1.0
772,0.30350262,618.2,1.0
773,0.32099274,548.4,1.0
774,0.29819477,645.5,1.0
775,0.3572003,376.4,1.0
776,0.33922103,289.8,1.0
777,0.3201086,551.6,1.0
778,0.3265096,528.7,0.0
779,0.34940413,440.2,0.0
780,0.30867308,595.5,0.0
781,0.33839956,485.9,0.0
782,0.30731744,601.2,0.0
783,0.4594203,1226.2,0.0
784,0.5212375,1626.5,1.0
785,0.36716017,1950.9,1.0
786,0.29810095,833.5,1.0
787,0.29133037,698.5,1.0
788,0.35722438,374.6,1.0
789,0.29867056,642.8,1.0
790,0.30068013,846.7,1.0
791,0.37361118,1048.8,1.0
792,0.34644148,306.9,1.0
793,0.35599107,348.7,1.0
794,0.27353692,2128.3,1.0
795,0.29912004,2071.5,1.0
796,0.30301476,620.5,1.0
797,0.33255965,507.2,1.0
798,0.29158035,785.8,1.0
799,0.32915416,271.8,1.0
800,0.35016713,318.5,1.0
801,0.3031681,858.1,1.0
802,0.2907556,775.4,1.0
803,0.35673982,357.2,1.0
804,0.35427818,412.2,1.0
805,0.29157138,785.7,1.0
806,0.29267353,684.4,1.0
807,0.31633046,565.5,1.0
808,0.30856502,244.7,1.0
809,0.3538358,1005.4,1.0
810,0.33981848,1997.0,1.0
811,0.46879098,1247.2,1.0
812,0.35638157,393.1,1.0
813,0.3476944,310.5,1.0
814,0.29455465,811.6,1.0
815,0.3510114,998.9,1.0
816,0.4361228,1833.6,1.0
817,0.36185807,1023.4,1.0
818,0.29656473,655.3,1.0
819,0.29018146,765.7,1.0
820,0.29432514,230.0,1.0
821,0.34035486,478.5,1.0
822,0.3571283,379.5,1.0
823,0.34848073,312.9,1.0
824,0.34714854,308.9,1.0
825,0.3065956,604.3,1.0
826,0.45805213,1223.2,1.0
827,0.3895681,2511.1,1.0
828,0.3444482,983.4,1.0
829,0.4198503,1143.5,1.0
830,0.3035131,859.6,1.0
831,0.3568822,359.5,1.0
832,0.3364007,493.3,1.0
833,0.34518027,459.2,1.0
834,0.3009728,848.1,1.0
835,0.34182435,295.4,1.0
836,0.30426148,240.0,1.0
837,0.3059078,607.3,1.0
838,0.3533956,418.2,0.0
839,0.35377517,415.7,0.0
840,0.30788383,598.8,0.0
841,0.35445356,337.6,0.0
842,0.35601836,397.3,0.0
843,0.31449926,900.7,0.0
844,0.2550637,2185.2,1.0
845,0.26817414,2364.8,1.0
846,0.33056918,514.3,1.0
847,0.4284546,1161.0,1.0
848,0.28989762,722.7,1.0
849,0.33101168,949.4,1.0
850,0.2971927,828.4,1.0
851,0.3231193,927.4,1.0
852,0.31214663,581.5,1.0
853,0.35700893,362.0,1.0
854,0.39791957,1099.1,1.0
855,0.5163058,1646.2,1.0
856,0.53347206,1541.3,1.0
857,0.2930403,681.1,1.0
858,0.34177428,473.0,1.0
859,0.3563609,352.4,1.0
860,0.33467138,499.6,1.0
861,0.30390906,861.3,1.0
862,0.29313216,680.3,1.0
863,0.30031803,235.9,1.0
864,0.33991,480.2,1.0
865,0.3408783,974.7,1.0
866,0.29070786,774.7,1.0
867,0.34682953,452.1,1.0
868,0.3549987,406.7,1.0
869,0.36290285,1025.7,1.0
870,0.40402937,1889.4,1.0
871,0.44518277,1817.0,1.0
872,0.48129216,1276.8,1.0
873,0.35250375,423.7,1.0
874,0.29297248,799.3,1.0
875,0.25314525,2193.3,1.0
876,0.63802636,2661.8,1.0
877,0.5285746,1440.4,1.0
878,0.3564592,392.1,1.0
879,0.35587445,398.8,1.0
880,0.34551156,457.8,1.0
881,0.35461652,409.7,1.0
882,0.2905402,709.5,1.0
883,0.29013848,716.9,1.0
884,0.33392394,502.3,1.0
885,0.3399887,479.9,1.0
886,0.38556305,1073.8,1.0
887,0.29284626,2084.3,1.0
888,1.6448855,3058.8,1.0
889,0.45887387,1225.0,1.0
890,0.3003092,844.9,1.0
891,0.329133,519.4,1.0
892,0.24114211,188.9,1.0
893,0.3563968,352.8,1.0
894,0.3329225,505.9,1.0
895,0.29457775,668.8,1.0
896,0.35026857,435.9,1.0
897,0.30478582,612.3,1.0
898,0.3409781,476.1,0.0
899,0.32484052,265.3,0.0
900,0.35665557,356.0,0.0
901,0.35030788,435.7,0.0
902,0.31166407,583.4,0.0
903,0.29495052,666.1,1.0
904,0.44860044,1810.6,1.0
905,0.45867765,1791.2,1.0
906,0.51606226,1647.1,1.0
907,0.38170454,1065.8,1.0
908,0.28993964,760.2,1.0
909,0.29791898,832.5,1.0
910,0.29092672,777.8,1.0
911,0.2905037,710.1,1.0
912,0.33522275,497.6,1.0
913,0.31199387,582.1,1.0
914,0.24612385,2239.8,1.0
915,0.25531387,2184.2,1.0
916,0.30020726,844.4,1.0
917,0.2903316,713.1,1.0
918,0.3328667,506.1,1.0
919,0.3422824,471.0,1.0
920,0.33056918,514.3,1.0
921,0.2918107,693.0,1.0
922,0.35626772,351.4,1.0
923,0.35687762,385.6,1.0
924,0.29976785,636.8,1.0
925,0.40432915,1112.1,1.0
926,0.2898633,758.1,1.0
927,0.3572166,375.3,1.0
928,0.35674694,387.9,1.0
929,0.49375018,1713.9,1.0
930,0.48230156,1741.4,1.0
931,0.3796161,1930.2,1.0
932,0.40620688,1115.9,1.0
933,0.32947052,272.3,1.0
934,0.38939917,1081.7,1.0
935,1.0827119,2843.6,1.0
936,0.37654454,1055.0,1.0
937,0.37361118,1048.8,1.0
938,0.29010594,717.6,1.0
939,0.293343,678.5,1.0
940,0.35157424,429.0,1.0
941,0.29026762,714.3,1.0
942,0.31737894,561.6,1.0
943,0.3406412,477.4,1.0
944,0.29483998,813.6,1.0
945,0.3497907,438.3,1.0
946,0.36459225,1029.4,1.0
947,0.5333094,1544.1,1.0
948,1.827011,3213.7,1.0
949,0.29952627,841.0,1.0
950,0.4201956,1144.2,1.0
951,0.34281102,468.9,1.0
952,0.2854655,221.9,1.0
953,0.3388294,289.0,1.0
954,0.3335629,503.6,1.0
955,0.3345885,499.9,1.0
956,0.356638,389.6,1.0
957,0.3545702,338.3,1.0
958,0.35460332,409.8,0.0
959,0.30301476,620.5,0.0
960,0.35508373,341.6,0.0
961,0.3510662,321.8,0.0
962,0.2899459,721.4,0.0
963,0.2985455,835.9,1.0
964,0.32647106,2020.3,1.0
965,0.27393213,2127.3,1.0
966,0.3870033,2509.0,1.0
967,0.5305275,1574.2,1.0
968,0.29773885,831.5,1.0
969,0.3430858,467.8,1.0
970,0.35585472,399.0,1.0
971,0.33822837,968.1,1.0
972,0.35668442,356.4,1.0
973,0.3406412,477.4,1.0
974,0.33146128,950.6,1.0
975,0.2804603,2111.5,1.0
976,0.48331127,1281.8,1.0
977,0.33818862,968.0,1.0
978,0.3570475,362.9,1.0
979,0.34372932,465.2,1.0
980,0.2920963,690.0,1.0
981,0.31943512,916.4,1.0
982,0.32179773,545.5,1.0
983,0.32647708,267.7,1.0
984,0.29882887,837.4,1.0
985,0.29821107,834.1,1.0
986,0.29943293,638.6,1.0
987,0.35583484,399.2,1.0
988,0.31821916,558.5,1.0
989,0.43026415,1164.7,1.0
990,0.9878523,2808.4,1.0
991,0.45979533,2562.3,1.0
992,0.30006528,843.7,1.0
993,0.336673,492.3,1.0
994,0.3039975,615.9,1.0
995,0.26026842,2166.3,1.0
996,0.32439882,931.1,1.0
997,0.30408427,615.5,1.0
998,0.29110754,701.3,1.0
999,0.2895754,738.5,1.0
1000,0.29062802,708.1,1.0
1001,0.35655493,390.8,1.0
1002,0.32907662,519.6,1.0
1003,0.3504642,434.9,1.0
1004,0.34787658,447.4,1.0
1005,0.30434582,614.3,1.0
1006,0.32151976,546.5,1.0
1007,0.3498503,996.2,1.0
1008,0.28789198,2401.2,1.0
1009,0.5258829,1604.2,1.0
1010,0.31611708,2039.0,1.0
1011,0.29100144,778.8,1.0
1012,0.343868,300.2,1.0
1013,0.25970376,201.5,1.0
1014,0.35699984,361.8,1.0
1015,0.29055163,772.3,1.0
1016,0.32969663,517.4,1.0
1017,0.3180561,559.1,1.0
1018,0.35137615,323.0,0.0
1019,0.35485768,340.1,0.0
1020,0.33250377,507.4,0.0
1021,0.35412374,413.3,0.0
1022,0.31222278,893.0,0.0
1023,0.29011515,717.4,1.0
1024,0.33377594,956.7,1.0
1025,0.26132104,2348.2,1.0
1026,0.24550653,2251.8,1.0
1027,0.32555667,934.4,1.0
1028,0.3852243,1073.1,1.0
1029,0.30986652,590.6,1.0
1030,0.3421814,977.9,1.0
1031,0.31413466,573.8,1.0
1032,0.29510593,665.0,1.0
1033,0.28962868,733.2,1.0
1034,0.29312062,680.4,1.0
1035,1.7267954,3101.2,1.0
1036,0.46215227,1784.3,1.0
1037,0.3619034,1023.5,1.0
1038,0.33649078,963.7,1.0
1039,0.2911307,701.0,1.0
1040,0.30129036,849.6,1.0
1041,0.3152285,903.1,1.0
1042,0.3247636,534.9,1.0
1043,0.34796393,447.0,1.0
1044,0.2899733,720.7,1.0
1045,0.30393255,616.2,1.0
1046,0.29536474,663.2,1.0
1047,0.32093734,548.6,1.0
1048,0.3253825,532.7,1.0
1049,0.5210469,1400.2,1.0
1050,0.38887566,1914.8,1.0
1051,0.31095245,2048.6,1.0
1052,0.3294532,945.2,1.0
1053,0.3128894,578.6,1.0
1054,0.35807925,1015.0,1.0
1055,0.93377,2787.8,1.0
1056,0.30278197,856.4,1.0
1057,0.3490939,441.7,1.0
1058,0.34958813,439.3,1.0
1059,0.33710736,490.7,1.0
1060,0.28969875,729.5,1.0
1061,0.3085768,595.9,1.0
1062,0.29831704,644.8,1.0
1063,0.28987297,723.4,1.0
1064,0.33815858,486.8,1.0
1065,0.3066187,604.2,1.0
1066,0.34370473,465.3,1.0
1067,0.45288602,1212.0,1.0
1068,0.5028068,1689.6,1.0
1069,0.5327544,1552.1,1.0
1070,0.29751092,649.5,1.0
1071,0.2907129,706.8,1.0
1072,0.3424592,470.3,1.0
1073,0.35243592,424.1,1.0
1074,0.34805098,446.6,1.0
1075,0.34648764,453.6,1.0
1076,0.29573324,660.7,1.0
1077,0.29903013,234.6,0.0
1078,0.3514649,429.6,0.0
1079,0.22570963,179.4,0.0
1080,0.3524189,424.2,0.0
1081,0.33253172,507.3,0.0
1082,0.3567946,387.1,0.0
1083,0.3069202,602.9,1.0
1084,0.34719014,450.5,1.0
1085,0.45364204,1801.0,1.0
1086,0.44171795,2550.1,1.0
1087,0.5031222,1688.7,1.0
1088,0.36546385,1031.3,1.0
1089,0.34460583,461.6,1.0
1090,0.31942114,554.1,1.0
1091,0.3190923,555.3,1.0
1092,0.33331254,504.5,1.0
1093,0.3790692,1060.3,1.0
1094,0.32619947,529.8,1.0
1095,0.82585436,2745.0,1.0
1096,0.4526068,1211.4,1.0
1097,0.3692556,1039.5,1.0
1098,0.3303037,947.5,1.0
1099,0.32978472,272.8,1.0
1100,0.31361347,575.8,1.0
1101,0.35352042,332.5,1.0
1102,0.3515924,428.9,1.0
1103,0.30333212,619.0,1.0
1104,0.3323081,508.1,1.0
1105,0.28995913,760.7,1.0
1106,0.3571524,366.0,1.0
1107,0.35240188,424.3,1.0
1108,0.35661083,355.4,1.0
1109,0.48976484,1298.3,1.0
1110,0.5228453,2601.1,1.0
1111,0.3512272,999.4,1.0
1112,0.45116034,1208.3,1.0
1113,0.3111637,889.3,1.0
1114,0.3193372,916.1,1.0
1115,0.9402668,2790.3,1.0
1116,0.29052186,709.8,1.0
1117,0.28974757,754.3,1.0
1118,0.34025043,478.9,1.0
1119,0.34291,297.9,1.0
1120,0.30516383,610.6,1.0
1121,0.39718196,1097.6,1.0
1122,0.35477257,408.5,1.0
1123,0.2906216,708.2,1.0
1124,0.32352868,539.3,1.0
1125,0.33898583,483.7,1.0
1126,0.3450851,459.6,1.0
1127,0.34426704,463.0,1.0
1128,0.3403119,973.3,1.0
1129,0.46576175,1777.0,1.0
1130,0.4885777,1295.2,1.0
1131,0.3127351,579.2,1.0
1132,0.32462305,535.4,1.0
1133,0.33056918,514.3,1.0
1134,0.29028863,713.9,1.0
1135,0.3216309,546.1,1.0
1136,0.13722442,135.8,1.0
1137,0.35722017,375.0,0.0
1138,0.31371745,575.4,0.0
1139,0.34856737,444.2,0.0
1140,0.31301823,578.1,0.0
1141,0.33897686,289.3,0.0
1142,0.35434726,411.7,0.0
1143,0.3165447,564.7,1.0
1144,0.32417366,537.0,1.0
1145,0.5018162,1692.4,1.0
1146,0.4421894,3500.0,1.0
1147,0.5285606,1588.4,1.0
1148,0.47383904,1258.9,1.0
1149,0.3063933,871.5,1.0
1150,0.3334517,504.0,1.0
1151,0.2975784,830.6,1.0
1152,0.2939589,673.5,1.0
1153,0.38483745,1072.3,1.0
1154,0.34349617,981.1,1.0
1155,0.2869394,2096.9,1.0
1156,0.53373957,1535.9,1.0
1157,0.29031685,768.3,1.0
1158,0.37844858,1059.0,1.0
1159,0.30078423,847.2,1.0
1160,0.29255491,795.6,1.0
1161,0.35722235,374.8,1.0
1162,0.35515603,405.4,1.0
1163,0.31684002,563.6,1.0
1164,0.28956974,740.5,1.0
1165,0.35452357,410.4,1.0
1166,0.31516007,569.9,1.0
1167,0.29995602,635.8,1.0
1168,0.35507196,406.1,1.0
1169,0.45469502,1215.9,1.0
1170,0.31411347,2042.7,1.0
1171,0.4818185,1742.5,1.0
1172,0.29220515,688.9,1.0
1173,0.44773006,1201.0,1.0
1174,0.24947686,2212.0,1.0
1175,0.29704273,2414.9,1.0
1176,0.31843692,557.7,1.0
1177,0.29517728,664.5,1.0
1178,0.31953093,553.7,1.0
1179,0.35663128,389.7,1.0
1180,0.29415223,672.0,1.0
1181,0.31013787,589.5,1.0
1182,0.37863943,1059.4,1.0
1183,0.32848436,521.7,1.0
1184,0.30874544,595.2,1.0
1185,0.29492247,666.3,1.0
1186,0.3561549,395.8,1.0
1187,0.29779845,647.8,1.0
1188,0.3816626,1926.8,1.0
1189,0.5272859,1596.3,1.0
1190,0.35960165,1018.4,1.0
1191,0.3293585,518.6,1.0
1192,0.29525253,816.4,1.0
1193,0.29717538,828.3,1.0
1194,0.3253825,532.7,1.0
1195,0.33475423,499.3,1.0
1196,0.313978,574.4,0.0
1197,0.3500112,437.2,0.0
1198,0.35691354,384.9,0.0
1199,0.28976673,755.0,0.0
1200,0.2759681,213.9,0.0
1201,0.34916773,315.1,0.0
1202,0.30438152,863.3,0.0
1203,0.32088196,548.8,1.0
1204,0.33014718,515.8,1.0
1205,0.29004204,762.7,1.0
1206,1.8223058,3186.0,1.0
1207,0.4123292,1875.3,1.0
1208,0.31693384,2037.5,1.0
1209,0.4521875,1210.5,1.0
1210,0.35655493,390.8,1.0
1211,0.3106592,587.4,1.0
1212,0.34092635,476.3,1.0
1213,0.37997788,1062.2,1.0
1214,0.30974147,884.2,1.0
1215,0.47495613,1757.7,1.0
1216,0.26041943,2165.8,1.0
1217,0.4820628,1278.7,1.0
1218,0.2904917,710.3,1.0
1219,0.2899095,759.4,1.0
1220,0.35723433,373.1,1.0
1221,0.32949942,518.1,1.0
1222,0.35699746,383.1,1.0
1223,0.35570252,400.5,1.0
1224,0.3010782,848.6,1.0
1225,0.34225714,471.1,1.0
1226,0.3139258,574.6,1.0
1227,0.356604,390.1,1.0
1228,0.3381318,486.9,1.0
1229,0.3220482,544.6,1.0
1230,0.53414404,1522.3,1.0
1231,0.362221,1024.2,1.0
1232,0.32651553,937.1,1.0
1233,0.30496326,611.5,1.0
1234,0.5246726,1610.5,1.0
1235,0.5104976,1359.5,1.0
1236,0.2918393,788.6,1.0
1237,0.3527882,1003.0,1.0
1238,0.3169207,563.3,1.0
1239,0.22570963,179.4,1.0
1240,0.3565041,391.5,1.0
1241,0.2931091,680.5,1.0
1242,0.29027283,714.2,1.0
1243,0.29324567,801.6,1.0
1244,0.3169344,908.6,1.0
1245,0.2960356,658.7,1.0
1246,0.3545039,337.9,1.0
1247,0.3562074,395.2,1.0
1248,0.4934372,1308.1,1.0
1249,0.4162932,1868.5,1.0
1250,0.50317955,1336.0,1.0
1251,0.5341409,1522.5,1.0
1252,0.43304333,1170.4,1.0
1253,0.42467687,1153.3,1.0
1254,0.3449897,460.0,1.0
1255,0.3566109,390.0,1.0
1256,0.35688287,385.5,0.0
1257,0.31571695,567.8,0.0
1258,0.28995913,760.7,0.0
1259,0.31325063,577.2,0.0
1260,0.30253494,855.3,0.0
1261,0.33879972,484.4,0.0
1262,0.3554864,344.5,1.0
1263,0.33144408,275.5,1.0
1264,0.32227108,543.8,1.0
1265,0.5202983,1630.5,1.0
1266,0.47870123,1749.5,1.0
1267,0.6517189,2668.4,1.0
1268,1.3550524,2942.4,1.0
1269,0.512142,1365.2,1.0
1270,0.4410181,1186.9,1.0
1271,0.35410953,413.4,1.0
1272,0.35103998,321.7,1.0
1273,0.35696664,361.1,1.0
1274,0.3486524,443.8,1.0
1275,0.4839114,1283.3,1.0
1276,0.33443964,2006.3,1.0
1277,0.37930816,1060.8,1.0
1278,0.32271752,542.2,1.0
1279,0.35122517,430.9,1.0
1280,0.2742273,212.5,1.0
1281,0.3435816,465.8,1.0
1282,0.35013044,436.6,1.0
1283,0.35625023,394.7,1.0
1284,0.30584186,869.3,1.0
1285,0.3195659,916.8,1.0
1286,0.31028637,588.9,1.0
1287,0.3534609,332.2,1.0
1288,0.31343186,576.5,1.0
1289,0.2952826,816.6,1.0
1290,0.33731714,965.8,1.0
1291,0.44739944,1200.3,1.0
1292,0.37835315,1058.8,1.0
1293,0.4145478,1871.5,1.0
1294,0.5284196,2604.3,1.0
1295,0.5319675,1468.1,1.0
1296,0.29205725,690.4,1.0
1297,0.37060776,1042.4,1.0
1298,0.3019789,625.5,1.0
1299,0.345967,305.6,1.0
1300,0.3301753,515.7,1.0
1301,0.30527568,610.1,1.0
1302,0.30812174,597.8,1.0
1303,0.14102711,137.4,1.0
1304,0.3251292,533.6,1.0
1305,0.34683377,308.0,1.0
1306,0.32322314,263.0,1.0
1307,0.2900431,226.0,1.0
1308,0.3047416,612.5,1.0
1309,0.29264116,684.7,1.0
1310,0.33723822,965.6,1.0
1311,0.49835145,1701.9,1.0
1312,0.5243726,1612.0,1.0
1313,0.4535366,1213.4,1.0
1314,0.30876413,880.6,1.0
1315,0.29077354,705.9,0.0
1316,0.352886,421.4,0.0
1317,0.31006375,589.8,0.0
1318,0.441162,1187.2,0.0
1319,0.34266052,469.5,0.0
1320,0.2903669,769.2,0.0
1321,0.31786612,559.8,0.0
1322,0.35508406,406.0,1.0
1323,0.35709023,380.7,1.0
1324,0.28987715,758.5,1.0
1325,0.5330277,1548.4,1.0
1326,0.5293436,1583.1,1.0
1327,0.3970153,1901.2,1.0
1328,0.45786345,1792.8,1.0
1329,0.53347206,1541.3,1.0
1330,0.33232832,952.9,1.0
1331,0.2944161,670.0,1.0
1332,0.35559708,401.5,1.0
1333,0.30168468,237.3,1.0
1334,0.34328946,298.8,1.0
1335,0.5314619,1566.1,1.0
1336,0.25185975,2316.9,1.0
1337,0.33198822,952.0,1.0
1338,0.3457464,456.8,1.0
1339,0.3120494,248.7,1.0
1340,0.31289533,249.7,1.0
1341,0.35479817,408.3,1.0
1342,0.20583856,168.2,1.0
1343,0.3024234,854.8,1.0
1344,0.37649706,1054.9,1.0
1345,0.28972977,728.2,1.0
1346,0.29757816,649.1,1.0
1347,0.33169222,510.3,1.0
1348,0.31585884,253.3,1.0
1349,0.31696588,908.7,1.0
1350,0.48828322,1727.4,1.0
1351,0.4307525,1165.7,1.0
1352,0.52837527,1589.6,1.0
1353,0.42510203,1853.2,1.0
1354,0.26454124,2152.9,1.0
1355,0.41095445,1125.5,1.0
1356,0.28958297,744.6,1.0
1357,0.29583684,820.2,1.0
1358,0.2921852,689.1,1.0
1359,0.29057112,709.0,1.0
1360,0.3442184,463.2,1.0
1361,0.3276944,524.5,1.0
1362,0.3474134,449.5,1.0
1363,0.4543711,1215.2,1.0
1364,0.35670334,388.6,1.0
1365,0.3372125,285.8,1.0
1366,0.34142205,294.5,1.0
1367,0.35294443,329.7,1.0
1368,0.291009,778.9,1.0
1369,0.30641857,871.6,1.0
1370,0.5316199,1564.6,1.0
1371,0.5226517,1620.2,1.0
1372,0.53187287,1562.1,1.0
1373,0.4216096,1859.3,1.0
1374,0.349363,440.4,1.0
1375,0.2912652,699.3,0.0
1376,0.2900923,717.9,0.0
1377,0.29618922,657.7,0.0
1378,0.32305288,541.0,0.0
1379,0.35458663,338.4,0.0
1380,0.30825728,878.7,0.0
1381,0.35610119,396.4,0.0
1382,0.35210854,426.0,1.0
1383,0.34653342,453.4,1.0
1384,0.2955412,818.3,1.0
1385,0.2907556,775.4,1.0
1386,0.33100423,2012.3,1.0
1387,0.3583025,1015.5,1.0
1388,0.2874898,2095.7,1.0
1389,0.37437811,1938.9,1.0
1390,0.33756697,489.0,1.0
1391,0.5341309,1523.1,1.0
1392,0.3488847,442.7,1.0
1393,0.18769066,158.8,1.0
1394,0.2903389,768.7,1.0
1395,0.35274467,1002.9,1.0
1396,0.27263638,2130.6,1.0
1397,0.28957698,2091.2,1.0
1398,0.35137615,323.0,1.0
1399,0.3543857,337.2,1.0
1400,0.331075,512.5,1.0
1401,0.29415223,672.0,1.0
1402,0.30898726,594.2,1.0
1403,0.31379554,575.1,1.0
1404,0.29447058,811.0,1.0
1405,0.3668455,1034.3,1.0
1406,0.38969147,1082.3,1.0
1407,0.29816,645.7,1.0
1408,0.35327068,419.0,1.0
1409,0.50646025,1346.2,1.0
1410,0.51997405,1395.5,1.0
1411,0.2511603,2313.8,1.0
1412,0.361179,1021.9,1.0
1413,0.69695544,2689.5,1.0
1414,0.5282343,1590.5,1.0
1415,0.33525026,497.5,1.0
1416,0.29028335,714.0,1.0
1417,0.3044334,613.9,1.0
1418,0.34904522,314.7,1.0
1419,0.32701728,526.9,1.0
1420,0.34895262,314.4,1.0
1421,0.32965928,272.6,1.0
1422,0.35170183,324.3,1.0
1423,0.34913552,441.5,1.0
1424,0.3194486,554.0,1.0
1425,0.35050207,319.7,1.0
1426,0.31811044,558.9,1.0
1427,0.30500773,611.3,1.0
1428,0.3572358,372.1,1.0
1429,0.34877938,443.2,1.0
1430,0.51309764,1368.6,1.0
1431,0.30012602,844.0,1.0
1432,0.50081164,1695.2,1.0
1433,0.51893437,1391.1,1.0
1434,0.484946,1735.3,1.0
1435,0.320887,920.8,0.0
1436,0.5341599,1521.2,0.0
1437,0.29040405,711.8,0.0
1438,0.4916802,1719.1,0.0
1439,0.5339623,1530.0,0.0
1440,0.31102103,247.5,0.0
1441,0.29897588,641.1,0.0
1442,0.35711038,364.6,1.0
1443,0.2896062,747.0,1.0
1444,0.4869893,1291.1,1.0
1445,0.4891534,1725.3,1.0
1446,0.37385774,2497.9,1.0
1447,0.29549515,818.0,1.0
1448,0.30139714,850.1,1.0
1449,0.25961587,2343.5,1.0
1450,0.32180643,2446.4,1.0
1451,0.30611652,870.4,1.0
1452,0.35582134,347.2,1.0
1453,0.27985823,217.1,1.0
1454,0.33618236,494.1,1.0
1455,0.45901057,1225.3,1.0
1456,0.49533468,1313.3,1.0
1457,0.39564234,1903.5,1.0
1458,0.31270945,579.3,1.0
1459,0.2496534,194.5,1.0
1460,0.34570658,304.9,1.0
1461,0.2979182,647.1,1.0
1462,0.33753997,489.1,1.0
1463,0.28965023,731.9,1.0
1464,0.30107632,630.0,1.0
1465,0.3000855,843.8,1.0
1466,0.3008797,631.0,1.0
1467,0.34438834,462.5,1.0
1468,0.29437608,670.3,1.0
1469,0.29001212,762.0,1.0
1470,0.35515288,1008.4,1.0
1471,0.24683885,2287.2,1.0
1472,0.30257553,622.6,1.0
1473,0.37559584,1053.0,1.0
1474,0.47168162,1764.7,1.0
1475,0.29276064,683.6,1.0
1476,0.31434405,573.0,1.0
1477,0.29752135,233.1,1.0
1478,0.3521782,425.6,1.0
1479,0.31336367,896.9,1.0
1480,0.31497517,570.6,1.0
1481,0.33931816,290.0,1.0
1482,0.35671252,356.8,1.0
1483,0.43177697,1167.8,1.0
1484,0.3963466,1095.9,1.0
1485,0.2951487,664.7,1.0
1486,0.33826578,486.4,1.0
1487,0.3380513,487.2,1.0
1488,0.34265366,297.3,1.0
1489,0.28967252,751.1,1.0
1490,0.2895705,741.9,1.0
1491,0.5069917,1347.9,1.0
1492,0.45455626,1215.6,1.0
1493,0.52533585,1607.1,1.0
1494,0.5324526,1555.8,0.0
1495,0.5067594,1678.0,0.0
1496,0.5278503,1592.9,0.0
1497,0.2930289,681.2,0.0
1498,0.30095178,848.0,0.0
1499,0.37076724,1944.9,0.0
1500,0.3512481,322.5,0.0
1501,0.29921237,639.8,0.0
1502,0.32238263,543.4,1.0
1503,0.31878492,914.4,1.0
1504,0.53359956,1490.6,1.0
1505,0.8691801,2762.5,1.0
1506,0.49445608,1712.1,1.0
1507,0.39914995,1101.6,1.0
1508,0.34671596,452.6,1.0
1509,0.5109645,1361.1,1.0
1510,0.5300684,1577.8,1.0
1511,0.5323322,1472.1,1.0
1512,0.48524576,1734.6,1.0
1513,0.35101938,432.0,1.0
1514,0.29371968,675.4,1.0
1515,0.5340901,1525.2,1.0
1516,0.46562082,1240.0,1.0
1517,0.5325702,1554.4,1.0
1518,0.34714854,308.9,1.0
1519,0.26516122,205.5,1.0
1520,0.3210403,260.0,1.0
1521,0.35470805,409.0,1.0
1522,0.3071067,602.1,1.0
1523,0.30629623,605.6,1.0
1524,0.31309816,896.0,1.0
1525,0.33020347,515.6,1.0
1526,0.3432847,467.0,1.0
1527,0.34333128,298.9,1.0
1528,0.38789105,1078.6,1.0
1529,0.3492599,440.9,1.0
1530,0.26228294,2159.8,1.0
1531,0.36631933,1952.3,1.0
1532,0.5312991,1567.6,1.0
1533,0.44518277,1817.0,1.0
1534,0.4596404,1789.3,1.0
1535,0.34063527,974.1,1.0
1536,0.3559329,398.2,1.0
1537,0.3240027,264.1,1.0
1538,0.33113116,512.3,1.0
1539,0.30935198,592.7,1.0
1540,0.30236015,238.0,1.0
1541,0.3066187,604.2,1.0
1542,0.31984177,258.4,1.0
1543,0.3435816,465.8,1.0
1544,0.35291886,1003.3,1.0
1545,0.31766197,910.9,1.0
1546,0.32107586,548.1,1.0
1547,0.34755957,310.1,1.0
1548,0.3408487,476.6,1.0
1549,0.3283433,522.2,1.0
1550,0.321159,547.8,1.0
1551,0.41387263,1131.4,1.0
1552,0.5062954,1679.4,1.0
1553,0.40912428,1121.8,1.0
1554,0.3217924,923.5,0.0
1555,0.27571577,2380.2,0.0
1556,0.3536171,1004.9,0.0
1557,0.29331866,802.2,0.0
1558,0.53402567,1501.7,0.0
1559,0.4969212,1705.7,0.0
1560,0.32696086,527.1,0.0
1561,0.29111525,701.2,1.0
1562,0.30814558,597.7,1.0
1563,0.29103953,779.3,1.0
1564,0.30165532,851.3,1.0
1565,0.79852194,2733.7,1.0
1566,0.25496542,2328.9,1.0
1567,0.34112173,975.3,1.0
1568,0.34692007,451.7,1.0
1569,0.29029927,713.7,1.0
1570,0.5340119,1501.2,1.0
1571,0.43614998,1176.8,1.0
1572,0.3494386,1980.6,1.0
1573,0.3760225,1053.9,1.0
1574,0.38561144,1073.9,1.0
1575,0.30527568,610.1,1.0
1576,0.4977899,1703.4,1.0
1577,0.31398833,899.0,1.0
1578,0.3090334,881.6,1.0
1579,0.32541066,532.6,1.0
1580,0.32767066,269.5,1.0
1581,0.31885013,257.1,1.0
1582,0.35088125,321.1,1.0
1583,0.28957,741.6,1.0
1584,0.34991127,437.7,1.0
1585,0.3572335,371.2,1.0
1586,0.35609785,349.7,1.0
1587,0.32432914,930.9,1.0
1588,0.3100998,885.5,1.0
1589,0.46848482,1246.5,1.0
1590,0.5330486,1548.1,1.0
1591,0.33386508,2007.3,1.0
1592,0.53316355,1546.4,1.0
1593,0.49519002,1312.9,1.0
1594,0.2550637,2185.2,1.0
1595,0.29119694,781.3,1.0
1596,0.35485768,340.1,1.0
1597,0.3545636,410.1,1.0
1598,0.3393568,482.3,1.0
1599,0.31735194,561.7,1.0
1600,0.3453226,458.6,1.0
1601,0.2901866,715.9,1.0
1602,0.155115,143.5,1.0
1603,0.29500678,665.7,1.0
1604,0.32656598,528.5,1.0
1605,0.30695325,873.7,1.0
1606,0.35036665,435.4,1.0
1607,0.30409718,862.1,1.0
1608,0.3438766,464.6,1.0
1609,0.35697988,383.5,1.0
1610,0.33672738,492.1,1.0
1611,0.3088662,594.7,1.0
1612,0.2901866,715.9,1.0
1613,0.47578666,1263.5,1.0
1614,0.511571,1363.2,0.0
1615,0.24683885,2287.2,0.0
1616,0.28485233,2396.3,0.0
1617,0.9345486,2788.1,0.0
1618,1.7861587,3268.2,0.0
1619,0.3443652,983.2,0.0
1620,0.33512565,960.2,0.0
1621,0.33174828,510.1,1.0
1622,0.3059415,869.7,1.0
1623,0.33491975,498.7,1.0
1624,0.5192926,1392.6,1.0
1625,0.27941668,2387.0,1.0
1626,0.31945425,2032.9,1.0
1627,0.2943458,810.1,1.0
1628,0.35710704,364.5,1.0
1629,0.29766735,831.1,1.0
1630,0.33559197,961.4,1.0
1631,0.44597927,1197.3,1.0
1632,0.52763724,1594.2,1.0
1633,0.53165096,1564.3,1.0
1634,0.52079535,1628.4,1.0
1635,0.3312737,950.1,1.0
1636,0.46482903,1778.9,1.0
1637,0.5070886,1677.0,1.0
1638,0.39198524,1087.0,1.0
1639,0.31214663,581.5,1.0
1640,0.28981104,756.5,1.0
1641,0.34648764,453.6,1.0
1642,0.30741137,600.8,1.0
1643,0.29067332,707.4,1.0
1644,0.35620943,350.8,1.0
1645,0.25732198,199.8,1.0
1646,0.3486713,313.5,1.0
1647,0.3166833,907.8,1.0
1648,0.34470904,302.3,1.0
1649,0.3021833,624.5,1.0
1650,0.25632614,2333.5,1.0
1651,0.2506097,2205.6,1.0
1652,0.5269775,1598.1,1.0
1653,0.39624834,1095.7,1.0
1654,0.24825116,2298.1,1.0
1655,0.29609683,658.3,1.0
1656,0.35716552,378.1,1.0
1657,0.29497862,665.9,1.0
1658,0.28966323,731.2,1.0
1659,0.325974,530.6,1.0
1660,0.31606326,566.5,1.0
1661,0.30947408,592.2,1.0
1662,0.35566074,400.9,1.0
1663,0.32477123,265.2,1.0
1664,0.35723558,372.6,1.0
1665,0.46307886,1234.3,1.0
1666,0.30634215,605.4,1.0
1667,0.3470433,989.6,1.0
1668,0.35715568,378.5,1.0
1669,0.16400658,147.5,1.0
1670,0.34225714,471.1,1.0
1671,0.34394947,300.4,1.0
1672,0.2957482,660.6,1.0
1673,0.41080606,1125.2,0.0
1674,0.3534423,1004.5,0.0
1675,0.28970283,752.5,0.0
1676,1.819815,3180.9,0.0
1677,1.8269558,3202.4,0.0
1678,0.297607,2415.7,0.0
1679,0.3224384,543.2,0.0
1680,0.2905649,709.1,0.0
1681,0.32172495,923.3,1.0
1682,0.30625033,605.8,1.0
1683,0.3564592,392.1,1.0
1684,0.50367177,1337.5,1.0
1685,0.36242047,1958.8,1.0
1686,0.52952677,1581.8,1.0
1687,0.3082411,597.3,1.0
1688,0.3572352,371.7,1.0
1689,0.2959793,821.1,1.0
1690,0.2896032,735.1,1.0
1691,0.2919419,691.6,1.0
1692,0.42997098,1164.1,1.0
1693,0.34525493,1987.7,1.0
1694,0.31150466,890.5,1.0
1695,0.34925115,994.8,1.0
1696,0.61891025,2652.4,1.0
1697,0.32339427,928.2,1.0
1698,0.53300744,1480.7,1.0
1699,0.29795256,646.9,1.0
1700,0.3532864,418.9,1.0
1701,0.32338867,539.8,1.0
1702,0.3507153,433.6,1.0
1703,0.4036377,1110.7,1.0
1704,0.330316,515.2,1.0
1705,0.3282869,522.4,1.0
1706,0.352206,326.4,1.0
1707,0.3296121,517.7,1.0
1708,0.25547525,198.5,1.0
1709,0.29483876,666.9,1.0
1710,0.35568205,1009.6,1.0
1711,0.72477335,2702.0,1.0
1712,0.40744284,1118.4,1.0
1713,0.36758074,1950.2,1.0
1714,0.7274826,2703.2,1.0
1715,0.29007882,718.2,1.0
1716,0.34586325,456.3,1.0
1717,0.3022449,624.2,1.0
1718,0.3500112,437.2,1.0
1719,0.34536672,304.0,1.0
1720,0.32949942,518.1,1.0
1721,0.29675603,654.1,1.0
1722,0.35588428,398.7,1.0
1723,0.35148317,429.5,1.0
1724,0.35115063,431.3,1.0
1725,0.31585,567.3,1.0
1726,0.3499313,437.6,1.0
1727,0.3337376,956.6,1.0
1728,0.29156786,695.7,1.0
1729,0.34776697,447.9,1.0
1730,0.31792036,559.6,1.0
1731,0.37678206,1055.5,1.0
1732,0.30344376,859.3,1.0
1733,0.32496044,534.2,0.0
1734,0.34415784,982.7,0.0
1735,0.28963763,749.2,0.0
1736,0.4421894,3500.0,0.0
1737,0.4421894,3500.0,0.0
1738,0.3254591,2022.1,0.0
1739,0.42850962,1847.2,0.0
1740,0.33568972,495.9,0.0
1741,0.2896062,747.0,1.0
1742,0.31214663,581.5,1.0
1743,0.3128633,895.2,1.0
1744,0.5335209,1540.4,1.0
1745,1.7223111,3098.6,1.0
1746,0.29082876,705.1,1.0
1747,0.34985107,438.0,1.0
1748,0.3441454,463.5,1.0
1749,0.29531273,816.8,1.0
1750,0.31587663,567.2,1.0
1751,0.35367662,333.3,1.0
1752,0.29038143,712.2,1.0
1753,0.26098657,2347.3,1.0
1754,0.403795,2522.4,1.0
1755,0.30390906,861.3,1.0
1756,0.4216096,1859.3,1.0
1757,0.5271325,1597.2,1.0
1758,0.30289498,856.9,1.0
1759,0.29276595,797.5,1.0
1760,0.29401022,229.7,1.0
1761,0.3264814,528.8,1.0
1762,0.35412374,413.3,1.0
1763,0.3396734,481.1,1.0
1764,0.30755264,600.2,1.0
1765,0.35406673,413.7,1.0
1766,0.31667885,564.2,1.0
1767,0.3328669,277.9,1.0
1768,0.35471618,339.2,1.0
1769,0.293343,678.5,1.0
1770,0.31826922,912.8,1.0
1771,0.5206634,1398.5,1.0
1772,0.37317422,1940.9,1.0
1773,0.24539949,2262.3,1.0
1774,0.32488444,2449.9,1.0
1775,0.34981084,438.2,1.0
1776,0.33169222,510.3,1.0
1777,0.31947604,553.9,1.0
1778,0.32341665,539.7,1.0
1779,0.3367431,284.9,1.0
1780,0.35433352,411.8,1.0
1781,0.33221483,952.6,1.0
1782,0.28956974,740.5,1.0
1783,0.31315705,896.2,1.0
1784,0.34186867,295.5,1.0
1785,0.27485174,213.0,1.0
1786,0.35111848,322.0,1.0
1787,0.29059622,708.6,1.0
1788,0.35477257,408.5,1.0
1789,0.32659417,528.4,1.0
1790,0.2819927,218.9,1.0
1791,0.31368998,898.0,1.0
1792,0.33753997,489.1,0.0
1793,0.49673387,1317.2,0.0
1794,0.4385174,1181.7,0.0
1795,0.34384695,1990.1,0.0
1796,1.1164044,2855.9,0.0
1797,1.1931654,2883.7,0.0
1798,0.51739526,1642.1,0.0
1799,0.5341126,1524.1,0.0
1800,0.3424844,470.2,0.0
1801,0.33320227,955.2,1.0
1802,0.29328388,679.0,1.0
1803,0.5137883,1371.1,1.0
1804,0.2972797,2075.2,1.0
1805,0.433092,1170.5,1.0
1806,0.5340452,1527.1,1.0
1807,0.303221,238.9,1.0
1808,0.35048363,434.8,1.0
1809,0.33972603,480.9,1.0
1810,0.20209207,166.2,1.0
1811,0.356638,389.6,1.0
1812,0.41565248,1135.0,1.0
1813,0.46930024,1769.7,1.0
1814,0.51374227,1655.4,1.0
1815,0.5071214,1676.9,1.0
1816,0.2807184,2110.9,1.0
1817,0.5156529,1648.6,1.0
1818,0.33431193,500.9,1.0
1819,0.31732494,561.8,1.0
1820,0.34618843,454.9,1.0
1821,0.34662083,307.4,1.0
1822,0.298994,641.0,1.0
1823,0.30752167,875.9,1.0
1824,0.29086387,704.6,1.0
1825,0.35642081,392.6,1.0
1826,0.32277337,542.0,1.0
1827,0.35682318,386.6,1.0
1828,0.2648932,205.3,1.0
1829,0.30064562,632.2,1.0
1830,0.53419495,1517.5,1.0
1831,0.5340911,1504.4,1.0
1832,0.24754736,2225.3,1.0
1833,0.2905896,772.9,1.0
1834,0.3961798,1902.6,1.0
1835,0.5191736,1392.1,1.0
1836,0.35589406,398.6,1.0
1837,0.3416977,473.3,1.0
1838,0.35669696,388.7,1.0
1839,0.31808326,559.0,1.0
1840,0.34682953,452.1,1.0
1841,0.28963926,749.3,1.0
1842,0.30749565,875.8,1.0
1843,0.2949563,814.4,1.0
1844,0.32848436,521.7,1.0
1845,0.34438834,462.5,1.0
1846,0.34718317,309.0,1.0
1847,0.3572174,369.3,1.0
1848,0.2963997,823.7,1.0
1849,0.3561282,396.1,1.0
1850,0.31561673,253.0,1.0
1851,0.29281127,797.9,1.0
1852,0.30045274,845.6,0.0
1853,0.32492316,932.6,0.0
1854,0.5113202,1663.6,0.0
1855,0.41594905,1135.6,0.0
1856,0.70378494,2692.6,0.0
1857,0.52725196,1596.5,0.0
1858,0.26969314,2368.1,0.0
1859,0.5226982,1407.8,0.0
1860,0.34618744,306.2,0.0
1861,0.29425693,671.2,1.0
1862,0.52813303,1437.5,1.0
1863,0.51959753,1633.4,1.0
1864,0.53115433,1568.9,1.0
1865,0.49684525,1705.9,1.0
1866,0.3470433,989.6,1.0
1867,0.35723466,373.0,1.0
1868,0.3329225,505.9,1.0
1869,0.29622015,657.5,1.0
1870,0.34548798,457.9,1.0
1871,0.3443156,462.8,1.0
1872,0.29626897,822.9,1.0
1873,0.3171234,909.2,1.0
1874,0.5341316,1506.5,1.0
1875,0.5977102,2641.7,1.0
1876,0.4421894,3500.0,1.0
1877,0.53398585,1500.3,1.0
1878,0.33710736,490.7,1.0
1879,0.2982122,645.4,1.0
1880,0.30419302,615.0,1.0
1881,0.35296735,420.9,1.0
1882,0.33607304,494.5,1.0
1883,0.29215434,791.8,1.0
1884,0.29517728,664.5,1.0
1885,0.35672224,388.3,1.0
1886,0.3569859,361.5,1.0
1887,0.35142693,323.2,1.0
1888,0.33524084,282.1,1.0
1889,0.30896303,594.3,1.0
1890,0.30139714,850.1,1.0
1891,0.330378,947.7,1.0
1892,0.26627338,2360.5,1.0
1893,0.45591718,1796.6,1.0
1894,0.31617144,2038.9,1.0
1895,0.43938443,1183.5,1.0
1896,0.28956994,740.3,1.0
1897,0.2899345,721.7,1.0
1898,0.35634533,1011.1,1.0
1899,0.35718986,367.6,1.0
1900,0.32969663,517.4,1.0
1901,0.35170183,324.3,1.0
1902,0.33378518,502.8,1.0
1903,0.2902064,715.5,1.0
1904,0.25661433,199.3,1.0
1905,0.13094825,133.2,1.0
1906,0.32752508,525.1,1.0
1907,0.3284639,942.5,1.0
1908,0.52248687,1406.8,1.0
1909,0.29214418,791.7,1.0
1910,0.4214775,1146.8,1.0
1911,0.4371181,1831.8,0.0
1912,0.34002957,972.6,0.0
1913,0.5199973,1395.6,0.0
1914,0.30288866,621.1,0.0
1915,0.53339857,1542.6,0.0
1916,0.29433203,810.0,0.0
1917,0.29593164,820.8,0.0
1918,0.3436613,981.5,0.0
1919,0.52922773,1444.9,0.0
1920,0.3469042,308.2,0.0
1921,0.3335844,956.2,1.0
1922,0.5342026,1514.7,1.0
1923,0.49402487,1309.7,1.0
1924,0.24608023,2278.8,1.0
1925,0.3453643,985.6,1.0
1926,0.38595042,1074.6,1.0
1927,0.31537375,252.7,1.0
1928,0.35720196,376.3,1.0
1929,0.292226,792.5,1.0
1930,0.3140824,574.0,1.0
1931,0.28993964,760.2,1.0
1932,0.36679932,1034.2,1.0
1933,0.3052533,610.2,1.0
1934,0.33910593,970.3,1.0
1935,0.2707197,2135.6,1.0
1936,0.4421894,3500.0,1.0
1937,0.33598197,962.4,1.0
1938,0.38565987,1074.0,1.0
1939,0.3151072,570.1,1.0
1940,0.30090976,847.8,1.0
1941,0.33558,496.3,1.0
1942,0.345967,305.6,1.0
1943,0.29517728,664.5,1.0
1944,0.43182573,1167.9,1.0
1945,0.34416974,463.4,1.0
1946,0.337513,489.2,1.0
1947,0.313978,574.4,1.0
1948,0.34403065,300.6,1.0
1949,0.29176468,693.5,1.0
1950,0.33547524,961.1,1.0
1951,0.5325035,1555.2,1.0
1952,0.2818759,2391.3,1.0
1953,0.4907554,2582.0,1.0
1954,1.6429586,3329.2,1.0
1955,0.53041524,1575.1,1.0
1956,0.335991,494.8,1.0
1957,0.29811928,833.6,1.0
1958,0.3336227,956.3,1.0
1959,0.3398575,480.4,1.0
1960,0.30703482,243.0,1.0
1961,0.28021663,217.4,1.0
1962,0.31846416,557.6,1.0
1963,0.33530527,497.3,1.0
1964,0.30621266,242.1,1.0
1965,0.3571791,377.5,1.0
1966,0.44914374,1204.0,1.0
1967,0.32230008,925.0,1.0
1968,0.28962272,733.6,1.0
1969,0.2908079,705.4,1.0
1970,0.5304902,1574.5,1.0
1971,0.5330137,1548.6,0.0
1972,0.3022449,624.2,0.0
1973,0.53191215,1561.7,0.0
1974,0.52945673,1582.3,0.0
1975,0.40739655,1883.7,0.0
1976,0.29268435,684.3,0.0
1977,0.33906594,970.2,0.0
1978,0.27314395,2129.3,0.0
1979,0.36248037,1958.7,0.0
1980,0.27695218,214.7,0.0
1981,0.33392394,502.3,1.0
1982,0.53358954,1490.4,1.0
1983,0.30904505,2052.2,1.0
1984,0.29117283,781.0,1.0
1985,0.39335498,1089.8,1.0
1986,0.29204375,790.7,1.0
1987,0.27877653,216.2,1.0
1988,0.34427246,301.2,1.0
1989,0.29082876,705.1,1.0
1990,0.33236617,953.0,1.0
1991,0.34338388,466.6,1.0
1992,0.34952697,439.6,1.0
1993,0.2899345,721.7,1.0
1994,0.33213925,952.4,1.0
1995,0.26763478,2363.6,1.0
1996,0.4421894,3500.0,1.0
1997,0.28391537,2103.6,1.0
1998,0.5341975,1517.0,1.0
1999,0.29469633,812.6,1.0
2000,0.3259106,935.4,1.0
2001,0.32299694,541.2,1.0
2002,0.3367546,492.0,1.0
2003,0.33258757,507.1,1.0
2004,0.3505612,434.4,1.0
2005,0.3265096,528.7,1.0
2006,0.3111095,585.6,1.0
2007,0.3118161,582.8,1.0
2008,0.35622907,351.0,1.0
2009,0.35720757,368.6,1.0
2010,0.3572302,373.9,1.0
2011,0.29861712,643.1,1.0
2012,0.5031136,1335.8,1.0
2013,0.31579107,2039.6,1.0
2014,1.4996077,2997.1,1.0
2015,0.5050518,1683.1,1.0
2016,0.348332,445.3,1.0
2017,0.34082282,476.7,1.0
2018,0.4287483,1161.6,1.0
2019,0.34651342,307.1,1.0
2020,0.26873034,208.2,1.0
2021,0.35673982,357.2,1.0
2022,0.28959265,736.1,1.0
2023,0.3419781,472.2,1.0
2024,0.29083973,776.6,1.0
2025,0.2897146,753.0,1.0
2026,0.52077186,1628.5,1.0
2027,0.5340528,1526.8,1.0
2028,0.30631977,2057.4,1.0
2029,0.3959046,1095.0,1.0
2030,0.43986547,1184.5,0.0
2031,0.3078615,877.2,0.0
2032,0.3973786,1098.0,0.0
2033,0.33520326,960.4,0.0
2034,0.30489662,611.8,0.0
2035,0.2958383,660.0,0.0
2036,0.34195265,472.3,0.0
2037,0.3350851,498.1,0.0
2038,0.41338116,1873.5,0.0
2039,0.3565036,1968.7,0.0
2040,0.3571653,366.5,0.0
2041,0.30549538,867.9,1.0
2042,0.40225002,2521.2,1.0
2043,0.2481457,2297.4,1.0
2044,0.38832852,1079.5,1.0
2045,0.2957482,660.6,1.0
2046,0.3399887,479.9,1.0
2047,0.31356493,250.5,1.0
2048,0.35302955,330.1,1.0
2049,0.28967252,751.1,1.0
2050,0.2896138,747.6,1.0
2051,0.3482878,312.3,1.0
2052,0.3569617,361.0,1.0
2053,0.35124373,430.8,1.0
2054,0.29031536,713.4,1.0
2055,0.5145116,1652.7,1.0
2056,1.7630671,3124.3,1.0
2057,0.2454021,2257.0,1.0
2058,0.52614087,1602.8,1.0
2059,0.29015273,716.6,1.0
2060,0.29644907,824.0,1.0
2061,0.35283673,329.2,1.0
2062,0.3177306,560.3,1.0
2063,0.3517755,324.6,1.0
2064,0.29339066,678.1,1.0
2065,0.32620794,267.3,1.0
2066,0.33713445,490.6,1.0
2067,0.2910693,701.8,1.0
2068,0.35594693,348.3,1.0
2069,0.33263314,277.5,1.0
2070,0.352206,326.4,1.0
2071,0.3226896,542.3,1.0
2072,0.53400624,1501.0,1.0
2073,1.7489539,3114.8,1.0
2074,0.4421894,3500.0,1.0
2075,0.3160627,2039.1,1.0
2076,0.3217924,923.5,1.0
2077,0.35565242,345.8,1.0
2078,0.2903782,769.4,1.0
2079,0.3008601,631.1,1.0
2080,0.35565242,345.8,1.0
2081,0.35100052,432.1,1.0
2082,0.28956956,741.0,1.0
2083,0.3302316,515.5,1.0
2084,0.36005127,1019.4,1.0
2085,0.29125714,699.4,1.0
2086,0.47309357,1761.7,1.0
2087,0.5183755,1638.3,1.0
2088,0.3884258,1079.7,1.0
2089,0.52667767,1428.6,1.0
2090,0.48161712,1277.6,0.0
2091,0.44407785,1193.3,0.0
2092,0.5339463,1530.5,0.0
2093,0.3226745,926.1,0.0
2094,0.29060885,773.2,0.0
2095,0.3458558,305.3,0.0
2096,0.29231623,687.8,0.0
2097,0.3075998,600.0,0.0
2098,0.3390259,970.1,0.0
2099,0.24823229,2220.1,0.0
2100,0.3310469,512.6,0.0
2101,0.34578246,986.6,1.0
2102,0.4421894,3500.0,1.0
2103,0.4718706,1764.3,1.0
2104,0.30845666,596.4,1.0
2105,0.31969574,553.1,1.0
2106,0.3321616,276.7,1.0
2107,0.26108733,202.5,1.0
2108,0.35426477,336.5,1.0
2109,0.35528374,343.0,1.0
2110,0.3237912,263.8,1.0
2111,0.3054748,241.3,1.0
2112,0.2905642,772.5,1.0
2113,0.2918946,692.1,1.0
2114,0.5341154,1505.6,1.0
2115,0.42862272,1847.0,1.0
2116,0.5341399,1507.0,1.0
2117,0.8875907,2769.8,1.0
2118,0.51654774,1645.3,1.0
2119,0.24642414,2283.0,1.0
2120,0.3157815,904.9,1.0
2121,0.35434726,411.7,1.0
2122,0.34006733,479.6,1.0
2123,0.32044405,259.2,1.0
2124,0.3203016,550.9,1.0
2125,0.26259443,203.6,1.0
2126,0.35572323,400.3,1.0
2127,0.352804,421.9,1.0
2128,0.3280894,523.1,1.0
2129,0.22143453,176.9,1.0
2130,0.3128112,249.6,1.0
2131,0.29816,645.7,1.0
2132,0.5197925,1632.6,1.0
2133,0.28112265,2390.0,1.0
2134,0.28994307,2404.4,1.0
2135,1.6949879,3083.6,1.0
2136,0.2936559,804.9,1.0
2137,0.2955698,661.8,1.0
2138,0.34164658,473.5,1.0
2139,0.2922363,792.6,1.0
2140,0.35600197,348.8,1.0
2141,0.29399726,673.2,1.0
2142,0.4869113,1290.9,1.0
2143,0.29370707,805.3,1.0
2144,0.4804357,1274.7,1.0
2145,0.500362,1327.6,1.0
2146,0.28409353,2103.2,1.0
2147,0.32133183,2029.5,1.0
2148,0.43241045,1169.1,1.0
2149,0.3557262,1009.7,0.0
2150,0.31637082,906.8,0.0
2151,0.34407496,982.5,0.0
2152,0.43658558,1177.7,0.0
2153,0.28959414,745.9,0.0
2154,0.3473895,309.6,0.0
2155,0.3301589,273.4,0.0
2156,0.29892167,641.4,0.0
2157,0.2905037,710.1,0.0
2158,0.51236856,1366.0,0.0
2159,0.27629888,2381.3,0.0
2160,0.35723308,373.4,0.0
2161,0.39832693,1899.0,1.0
2162,0.4421894,3500.0,1.0
2163,0.42977548,1163.7,1.0
2164,0.32213175,544.3,1.0
2165,0.3569259,360.3,1.0
2166,0.35707983,381.0,1.0
2167,0.34822428,445.8,1.0
2168,0.33068165,513.9,1.0
2169,0.35426477,336.5,1.0
2170,0.35705954,363.2,1.0
2171,0.3443156,462.8,1.0
2172,0.36758503,1035.9,1.0
2173,0.29586834,820.4,1.0
2174,0.94939446,2793.8,1.0
2175,0.2946111,812.0,1.0
2176,0.29871503,836.8,1.0
2177,0.34338388,466.6,1.0
2178,0.48425803,1736.9,1.0
2179,0.4083978,1882.0,1.0
2180,0.2920239,790.5,1.0
2181,0.29566482,819.1,1.0
2182,0.31577015,567.6,1.0
2183,0.30511916,610.8,1.0
2184,0.29683313,826.3,1.0
2185,0.30971906,591.2,1.0
2186,0.35653242,354.4,1.0
2187,0.30563572,608.5,1.0
2188,0.29219517,689.0,1.0
2189,0.3536856,416.3,1.0
2190,0.35058054,434.3,1.0
2191,0.2895922,745.7,1.0
2192,0.29678246,826.0,1.0
2193,0.46843448,1771.5,1.0
2194,0.24538775,2260.1,1.0
2195,1.1205275,2857.4,1.0
2196,0.5142283,1653.7,1.0
2197,0.3121721,581.4,1.0
2198,0.3460262,455.6,1.0
2199,0.30505228,611.1,1.0
2200,0.34423235,301.1,1.0
2201,0.48355165,1282.4,1.0
2202,0.47891483,1271.0,1.0
2203,0.509849,1357.3,1.0
2204,0.51739526,1642.1,1.0
2205,0.31407815,899.3,1.0
2206,0.42418522,1152.3,1.0
2207,0.53336936,1543.1,1.0
2208,0.29347473,677.4,0.0
2209,0.3481862,992.3,0.0
2210,0.29331866,802.2,0.0
2211,0.28970748,752.7,0.0
2212,0.29727757,650.9,0.0
2213,0.34930122,440.7,0.0
2214,0.3431107,467.7,0.0
2215,0.32978472,272.8,0.0
2216,0.3061416,870.5,0.0
2217,0.43518084,1174.8,0.0
2218,0.5291712,1444.5,0.0
2219,0.5273197,1596.1,0.0
2220,0.34053722,477.8,0.0
2221,0.31752363,2441.4,1.0
2222,0.25513846,2184.9,1.0
2223,0.30078423,847.2,1.0
2224,0.31838244,557.9,1.0
2225,0.3184914,557.5,1.0
2226,0.32157534,546.3,1.0
2227,0.32674482,268.1,1.0
2228,0.32288516,541.6,1.0
2229,0.35610119,396.4,1.0
2230,0.35392258,334.6,1.0
2231,0.35528517,404.3,1.0
2232,0.31718653,909.4,1.0
2233,0.52050394,1397.8,1.0
2234,0.4686754,1771.0,1.0
2235,0.49013904,1722.9,1.0
2236,0.33450672,958.6,1.0
2237,0.3338143,956.8,1.0
2238,0.28960437,735.0,1.0
2239,0.5340639,1503.2,1.0
2240,0.5339899,1529.1,1.0
2241,0.29145578,697.0,1.0
2242,0.33610037,494.4,1.0
2243,0.32882282,520.5,1.0
2244,0.35453695,410.3,1.0
2245,0.29087096,704.5,1.0
2246,0.3475907,448.7,1.0
2247,0.29314372,680.2,1.0
2248,0.32221535,544.0,1.0
2249,0.34169137,976.7,1.0
2250,0.24284765,190.0,1.0
2251,0.2900655,718.5,1.0
2252,0.4543248,1215.1,1.0
2253,0.5340813,1525.6,1.0
2254,0.4421894,3500.0,1.0
2255,1.4804406,2989.6,1.0
2256,0.41322973,1130.1,1.0
2257,0.29069963,707.0,1.0
2258,0.3396734,481.1,1.0
2259,0.35699984,361.8,1.0
2260,0.34283605,468.8,1.0
2261,0.47481722,1758.0,1.0
2262,0.3534685,1973.8,1.0
2263,0.5256021,1605.7,1.0
2264,0.38352776,1923.7,1.0
2265,0.2943894,670.2,1.0
2266,0.29717538,828.3,1.0
2267,0.2965489,655.4,1.0
2268,0.3173763,910.0,0.0
2269,0.29653308,655.5,0.0
2270,0.29330748,678.8,0.0
2271,0.31120998,585.2,0.0
2272,0.29014796,716.7,0.0
2273,0.3501954,318.6,0.0
2274,0.34551156,457.8,0.0
2275,0.33585414,495.3,0.0
2276,0.32611492,530.1,0.0
2277,0.2916741,694.5,0.0
2278,0.2895936,736.0,0.0
2279,0.26835048,2142.0,0.0
2280,0.3790692,1060.3,0.0
2281,0.3678211,1949.8,1.0
2282,0.25031433,2207.2,1.0
2283,0.29599524,821.2,1.0
2284,0.3570787,363.7,1.0
2285,0.4297266,1163.6,1.0
2286,0.2906218,773.4,1.0
2287,0.22315547,177.9,1.0
2288,0.3005487,632.7,1.0
2289,0.35701028,382.8,1.0
2290,0.3571369,379.2,1.0
2291,0.29100165,702.7,1.0
2292,0.4148121,1133.3,1.0
2293,0.5291714,1584.3,1.0
2294,0.26174536,2161.5,1.0
2295,0.3556379,1009.5,1.0
2296,0.30344376,859.3,1.0
2297,0.3537305,416.0,1.0
2298,0.3965431,1096.3,1.0
2299,0.5134827,1656.3,1.0
2300,0.48386928,1737.8,1.0
2301,0.31150466,890.5,1.0
2302,0.34852472,444.4,1.0
2303,0.35706735,363.4,1.0
2304,0.29046792,710.7,1.0
2305,0.28995365,721.2,1.0
2306,0.3265096,528.7,1.0
2307,0.28738695,223.6,1.0
2308,0.3475934,310.2,1.0
2309,0.29320943,801.3,1.0
2310,0.3571233,365.0,1.0
2311,0.33616048,283.8,1.0
2312,0.35482365,408.1,1.0
2313,0.45359007,1801.1,1.0
2314,1.7754612,3133.4,1.0
2315,0.72274584,2701.1,1.0
2316,0.53412014,1523.7,1.0
2317,0.2944427,810.8,1.0
2318,0.3469042,308.2,1.0
2319,0.20472103,167.6,1.0
2320,0.33034417,515.1,1.0
2321,0.44383955,1192.8,1.0
2322,0.5294144,1582.6,1.0
2323,0.40576202,1115.0,1.0
2324,0.48961234,1297.9,1.0
2325,0.43986547,1184.5,1.0
2326,0.29120916,700.0,1.0
2327,0.44512472,1195.5,0.0
2328,0.29148135,696.7,0.0
2329,0.35393688,414.6,0.0
2330,0.3411072,475.6,0.0
2331,0.29040113,769.8,0.0
2332,0.33144408,275.5,0.0
2333,0.29177386,693.4,0.0
2334,0.29263183,796.3,0.0
2335,0.3250448,533.9,0.0
2336,0.32535437,532.8,0.0
2337,0.29169208,694.3,0.0
2338,0.3251338,933.2,0.0
2339,0.34232548,1992.7,0.0
2340,0.3639061,1027.9,0.0
2341,0.33386508,2007.3,1.0
2342,0.42470264,1853.9,1.0
2343,0.2902469,714.7,1.0
2344,0.29749414,649.6,1.0
2345,0.48710623,1291.4,1.0
2346,0.29038143,712.2,1.0
2347,0.314393,251.5,1.0
2348,0.28500852,221.5,1.0
2349,0.342333,470.8,1.0
2350,0.3469393,308.3,1.0
2351,0.28976673,755.0,1.0
2352,0.5335315,1540.2,1.0
2353,0.30678886,2056.5,1.0
2354,0.53277355,1477.5,1.0
2355,0.3235666,928.7,1.0
2356,0.34609583,455.3,1.0
2357,0.26569578,205.9,1.0
2358,0.35094386,432.4,1.0
2359,0.3677702,1036.3,1.0
2360,0.8151496,2740.6,1.0
2361,0.45571083,1218.1,1.0
2362,0.32230008,925.0,1.0
2363,0.35666457,389.2,1.0
2364,0.29005077,762.9,1.0
2365,0.3188735,556.1,1.0
2366,0.33361736,279.2,1.0
2367,0.35601836,397.3,1.0
2368,0.31168938,583.3,1.0
2369,0.29016712,716.3,1.0
2370,0.35715568,378.5,1.0
2371,0.3298473,272.9,1.0
2372,0.3101873,589.3,1.0
2373,0.29017195,716.2,1.0
2374,0.5784441,2631.7,1.0
2375,1.8269513,3214.2,1.0
2376,0.4564474,1219.7,1.0
2377,0.3602764,1019.9,1.0
2378,0.2914545,227.3,1.0
2379,0.33823255,287.8,1.0
2380,0.36213022,1024.0,1.0
2381,0.38862035,1080.1,1.0
2382,0.44157326,2550.0,1.0
2383,0.392572,1088.2,1.0
2384,0.29154462,785.4,1.0
2385,0.30703026,874.0,1.0
2386,0.3556817,400.7,0.0
2387,0.30491883,611.7,0.0
2388,0.4163444,1136.4,0.0
2389,0.32238263,543.4,0.0
2390,0.32690445,527.3,0.0
2391,0.32282925,541.8,0.0
2392,0.33115923,512.2,0.0
2393,0.35718578,367.4,0.0
2394,0.2975277,649.4,0.0
2395,0.32221535,544.0,0.0
2396,0.32837152,522.1,0.0
2397,0.046689764,102.3,0.0
2398,0.37309313,1047.7,0.0
2399,0.38130152,1927.4,0.0
2400,0.30703667,602.4,0.0
2401,1.408761,2962.3,1.0
2402,0.3501077,996.8,1.0
2403,0.17474402,152.5,1.0
2404,0.2929948,681.5,1.0
2405,0.34169137,976.7,1.0
2406,0.29007882,718.2,1.0
2407,0.19206189,161.0,1.0
2408,0.09932577,120.8,1.0
2409,0.34885943,314.1,1.0
2410,0.28984597,724.2,1.0
2411,0.5301857,1576.9,1.0
2412,0.5340835,1525.5,1.0
2413,0.4096326,1879.9,1.0
2414,0.31389865,898.7,1.0
2415,0.32997006,946.6,1.0
2416,0.33663788,284.7,1.0
2417,0.25788578,200.2,1.0
2418,0.35107577,431.7,1.0
2419,0.2946821,812.5,1.0
2420,0.4645225,2565.4,1.0
2421,0.3263022,2020.6,1.0
2422,0.40586087,1115.2,1.0
2423,0.30275944,856.3,1.0
2424,0.2900655,718.5,1.0
2425,0.32983747,516.9,1.0
2426,0.3562074,395.2,1.0
2427,0.2928823,682.5,1.0
2428,0.34796393,447.0,1.0
2429,0.35652253,1011.5,1.0
2430,0.33339605,504.2,1.0
2431,0.29058364,708.8,1.0
2432,0.3475907,448.7,1.0
2433,0.2913386,698.4,1.0
2434,0.24827455,2219.8,1.0
2435,1.2100683,2889.8,1.0
2436,1.598787,3038.0,1.0
2437,0.29810792,646.0,1.0
2438,0.27853483,216.0,1.0
2439,0.3491978,441.2,1.0
2440,0.42241353,1148.7,1.0
2441,0.53415495,1508.0,1.0
2442,0.4802992,2575.5,1.0
2443,0.523808,1413.2,1.0
2444,0.5083464,1352.3,1.0
2445,0.29019645,715.7,0.0
2446,0.3562587,394.6,0.0
2447,0.2895936,736.0,0.0
2448,0.3518618,427.4,0.0
2449,0.3007624,631.6,0.0
2450,0.3069439,242.9,0.0
2451,0.2899552,760.6,0.0
2452,0.31673256,564.0,0.0
2453,0.35721204,368.9,0.0
2454,0.29716206,651.6,0.0
2455,0.32062083,920.0,0.0
2456,0.3571384,365.5,0.0
2457,0.043649666,101.3,0.0
2458,0.3375938,966.5,0.0
2459,0.36938396,1947.2,0.0
2460,0.45071375,1806.6,0.0
2461,0.8893661,2770.5,0.0
2462,0.38377497,1070.1,1.0
2463,0.28234473,219.2,1.0
2464,0.34597972,455.8,1.0
2465,0.3286829,943.1,1.0
2466,0.3426731,979.1,1.0
2467,0.3257486,531.4,1.0
2468,0.35715508,366.1,1.0
2469,0.31729794,561.9,1.0
2470,0.31839776,913.2,1.0
2471,0.53318316,1546.1,1.0
2472,0.35216248,1976.0,1.0
2473,0.33432466,2006.5,1.0
2474,0.39511937,1093.4,1.0
2475,0.33810917,967.8,1.0
2476,0.2714434,210.3,1.0
2477,0.24786529,193.3,1.0
2478,0.25928617,201.2,1.0
2479,0.3351677,497.8,1.0
2480,0.2562121,2180.7,1.0
2481,0.3203915,2031.2,1.0
2482,0.53215384,1470.1,1.0
2483,0.31133386,889.9,1.0
2484,0.35390773,414.8,1.0
2485,0.344472,301.7,1.0
2486,0.32199252,544.8,1.0
2487,0.29007298,763.4,1.0
2488,0.30643415,605.0,1.0
2489,0.2999938,635.6,1.0
2490,0.3126426,249.4,1.0
2491,0.35452056,338.0,1.0
2492,0.33637342,493.4,1.0
2493,0.3109841,586.1,1.0
2494,0.24595901,2242.2,1.0
2495,1.6727664,3319.8,1.0
2496,1.6560138,3325.2,1.0
2497,0.29921237,639.8,1.0
2498,0.33241993,507.7,1.0
2499,0.3572358,372.1,1.0
2500,0.48727998,1729.8,1.0
2501,0.378111,1932.7,1.0
2502,1.7827764,3270.5,1.0
2503,0.32777375,940.6,1.0
2504,0.29567358,661.1,1.0
2505,0.35713547,365.4,0.0
2506,0.24651149,192.4,0.0
2507,0.2931669,680.0,0.0
2508,0.30365226,860.2,0.0
2509,0.35785618,1014.5,0.0
2510,0.29664817,825.2,0.0
2511,0.30167484,627.0,0.0
2512,0.33132765,511.6,0.0
2513,0.3059989,606.9,0.0
2514,0.293908,673.9,0.0
2515,0.2895764,738.3,0.0
2516,0.33834606,486.1,0.0
2517,0.33858207,288.5,0.0
2518,0.33970758,971.8,0.0
2519,0.29800972,833.0,0.0
2520,0.33578682,961.9,0.0
2521,1.4615283,3373.0,0.0
2522,0.3378314,967.1,1.0
2523,0.35487315,340.2,1.0
2524,0.3138144,250.8,1.0
2525,0.34025043,478.9,1.0
2526,0.33634612,493.5,1.0
2527,0.29025793,767.2,1.0
2528,0.35452056,338.0,1.0
2529,0.33527777,497.4,1.0
2530,0.36537197,1031.1,1.0
2531,0.2954962,662.3,1.0
2532,0.5345812,2607.8,1.0
2533,0.36077243,1021.0,1.0
2534,0.29047382,710.6,1.0
2535,0.29030997,713.5,1.0
2536,0.2974199,233.0,1.0
2537,0.33241993,507.7,1.0
2538,0.308832,245.0,1.0
2539,0.28986672,758.2,1.0
2540,0.29032785,768.5,1.0
2541,1.4760611,2987.9,1.0
2542,0.3911547,1911.0,1.0
2543,0.53388774,1532.2,1.0
2544,0.34273583,469.2,1.0
2545,0.35470805,409.0,1.0
2546,0.3283151,522.3,1.0
2547,0.51411605,1372.3,1.0
2548,0.33980495,480.6,1.0
2549,0.343373,299.0,1.0
2550,0.35092494,432.5,1.0
2551,0.3566245,389.8,1.0
2552,0.33736753,286.1,1.0
2553,0.31446907,900.6,1.0
2554,0.5312744,1461.3,1.0
2555,0.4421894,3500.0,1.0
2556,0.28473085,2396.1,1.0
2557,0.30287236,856.8,1.0
2558,0.32845616,521.8,1.0
2559,0.29161638,786.2,1.0
2560,0.28964847,732.0,1.0
2561,0.31368238,2043.5,1.0
2562,0.48075813,1744.9,1.0
2563,0.40077588,1104.9,0.0
2564,0.33566228,496.0,0.0
2565,0.30360082,239.3,0.0
2566,0.33767545,286.7,0.0
2567,0.32215962,544.2,0.0
2568,0.35383436,415.3,0.0
2569,0.3513568,999.7,0.0
2570,0.20095615,165.6,0.0
2571,0.29639933,232.0,0.0
2572,0.33786324,487.9,0.0
2573,0.32997006,946.6,0.0
2574,0.35405242,413.8,0.0
2575,0.33306187,505.4,0.0
2576,0.29965568,637.4,0.0
2577,0.32207605,544.5,0.0
2578,0.47725156,1752.7,0.0
2579,0.5115319,1662.9,0.0
2580,0.2763082,2121.4,0.0
2581,1.2447083,2902.3,0.0
2582,0.49091262,1721.0,1.0
2583,0.3313557,511.5,1.0
2584,0.3256653,266.5,1.0
2585,0.34630382,454.4,1.0
2586,0.31486967,571.0,1.0
2587,0.29219517,689.0,1.0
2588,0.3247917,534.8,1.0
2589,0.4871452,1291.5,1.0
2590,0.32548603,934.2,1.0
2591,0.25180918,2199.5,1.0
2592,0.40808553,2525.7,1.0
2593,0.42231503,1148.5,1.0
2594,0.32619947,529.8,1.0
2595,0.3224663,543.1,1.0
2596,0.34185082,472.7,1.0
2597,0.35697538,383.6,1.0
2598,0.32701728,526.9,1.0
2599,0.2896731,730.7,1.0
2600,0.43323794,1170.8,1.0
2601,0.4325601,1840.0,1.0
2602,0.44875956,1810.3,1.0
2603,0.3344296,958.4,1.0
2604,0.31884617,556.2,1.0
2605,0.3480727,446.5,1.0
2606,0.35093442,321.3,1.0
2607,0.31531885,569.3,1.0
2608,0.35338074,331.8,1.0
2609,0.3160099,566.7,1.0
2610,0.3302316,515.5,1.0
2611,0.31255814,249.3,1.0
2612,0.28976393,754.9,1.0
2613,0.29693344,653.0,1.0
2614,0.24720486,2228.2,1.0
2615,0.66669446,2675.5,1.0
2616,0.4421894,3500.0,1.0
2617,0.41219106,1128.0,1.0
2618,0.29014796,716.7,1.0
2619,0.34727964,450.1,1.0
2620,0.48632467,1289.4,1.0
2621,0.30904347,2431.0,1.0
2622,0.47100762,1252.3,0.0
2623,0.3001076,635.0,0.0
2624,0.32207605,544.5,0.0
2625,0.31931144,554.5,0.0
2626,0.05061127,103.6,0.0
2627,0.29464582,668.3,0.0
2628,0.35689893,359.8,0.0
2629,0.29842243,644.2,0.0
2630,0.27054513,209.6,0.0
2631,0.296091,231.7,0.0
2632,0.28965142,750.0,0.0
2633,0.29321346,679.6,0.0
2634,0.2966601,654.7,0.0
2635,0.343663,299.7,0.0
2636,0.35240188,424.3,0.0
2637,0.32456684,535.6,0.0
2638,0.5071542,1676.8,0.0
2639,0.24960247,2306.1,0.0
2640,0.40146622,1106.3,0.0
2641,0.42780563,2540.3,0.0
2642,0.42884618,1161.8,1.0
2643,0.2908568,704.7,1.0
2644,0.32777902,524.2,1.0
2645,0.34835348,445.2,1.0
2646,0.29355448,804.1,1.0
2647,0.50175005,1331.7,1.0
2648,0.2898173,756.7,1.0
2649,0.33601835,494.7,1.0
2650,0.46019247,1227.9,1.0
2651,0.31052715,2049.4,1.0
2652,0.3558587,1010.0,1.0
2653,0.33431193,500.9,1.0
2654,0.35675982,357.5,1.0
2655,0.3425096,470.1,1.0
2656,0.35488683,407.6,1.0
2657,0.33547017,496.7,1.0
2658,0.33253172,507.3,1.0
2659,0.29091385,703.9,1.0
2660,0.4414017,1187.7,1.0
2661,0.24817641,2220.5,1.0
2662,0.36337933,1957.2,1.0
2663,0.5125659,1366.7,1.0
2664,0.33585414,495.3,1.0
2665,0.33028293,273.6,1.0
2666,0.28964612,749.7,1.0
2667,0.3555513,345.0,1.0
2668,0.34873715,443.4,1.0
2669,0.35722873,374.1,1.0
2670,0.2944697,669.6,1.0
2671,0.34960848,439.2,1.0
2672,0.35436857,337.1,1.0
2673,0.529976,1578.5,1.0
2674,0.38851556,1915.4,1.0
2675,1.5981405,3341.8,1.0
2676,0.31346712,2043.9,1.0
2677,0.46668968,1775.1,1.0
2678,0.47092116,1252.1,1.0
2679,0.30625033,605.8,1.0
2680,0.50788796,1350.8,1.0
2681,0.4902676,2581.7,0.0
2682,0.40482315,1113.1,0.0
2683,0.34316048,467.5,0.0
2684,0.35086802,432.8,0.0
2685,0.35723147,373.7,0.0
2686,0.33970356,290.8,0.0
2687,0.35098165,432.2,0.0
2688,0.3255796,532.0,0.0
2689,0.35331997,331.5,0.0
2690,0.25331688,197.0,0.0
2691,0.354669,409.3,0.0
2692,0.35396713,1005.7,0.0
2693,0.4057126,1114.9,0.0
2694,0.35723466,373.0,0.0
2695,0.32780153,269.7,0.0
2696,0.28993827,721.6,0.0
2697,0.46009487,1788.4,0.0
2698,0.33142468,2457.1,0.0
2699,0.38851556,1915.4,0.0
2700,0.52922773,1444.9,0.0
2701,0.28302914,2105.6,0.0
2702,0.3308249,948.9,1.0
2703,0.3137793,898.3,1.0
2704,0.3016121,851.1,1.0
2705,0.33200034,509.2,1.0
2706,0.3249323,534.3,1.0
2707,0.3333932,955.7,1.0
2708,0.30898726,594.2,1.0
2709,0.3702342,1041.6,1.0
2710,0.75888157,2716.9,1.0
2711,0.37699178,2500.6,1.0
2712,0.29448456,811.1,1.0
2713,0.3422065,471.3,1.0
2714,0.2952203,664.2,1.0
2715,0.34701037,451.3,1.0
2716,0.29105413,702.0,1.0
2717,0.33172023,510.2,1.0
2718,0.28957304,742.8,1.0
2719,0.29986405,842.7,1.0
2720,0.3242298,536.8,1.0
2721,0.41739574,1866.6,1.0
2722,0.74135756,2709.3,1.0
2723,0.3824258,1067.3,1.0
2724,0.29247126,686.3,1.0
2725,0.28905475,225.1,1.0
2726,0.32887924,520.3,1.0
2727,0.32521364,533.3,1.0
2728,0.3169344,908.6,1.0
2729,0.31371745,575.4,1.0
2730,0.32714376,268.7,1.0
2731,0.34841785,444.9,1.0
2732,0.35697636,361.3,1.0
2733,0.29721,828.5,1.0
2734,0.42531568,1154.6,1.0
2735,1.57027,3025.8,1.0
2736,0.5017092,1692.7,1.0
2737,0.52282417,1408.4,1.0
2738,0.5340965,1524.9,1.0
2739,0.290681,774.3,0.0
2740,0.5236338,1615.6,0.0
2741,0.24999167,2209.0,0.0
2742,0.2794777,2113.8,0.0
2743,0.3499675,317.8,0.0
2744,0.30577153,607.9,0.0
2745,0.33497488,498.5,0.0
2746,0.35118794,431.1,0.0
2747,0.35676506,387.6,0.0
2748,0.34818107,446.0,0.0
2749,0.35487315,340.2,0.0
2750,0.35563964,401.1,0.0
2751,0.3054778,609.2,0.0
2752,0.3421814,977.9,0.0
2753,0.2973107,650.7,0.0
2754,0.33197236,509.3,0.0
2755,0.3490939,441.7,0.0
2756,0.30328965,619.2,0.0
2757,0.41718435,1138.1,0.0
2758,0.51382846,1655.1,0.0
2759,0.49949956,1698.8,0.0
2760,0.49280044,1716.3,0.0
2761,1.4919717,2994.1,0.0
2762,0.51309764,1368.6,1.0
2763,0.40383524,1111.1,1.0
2764,0.37201238,1045.4,1.0
2765,0.35597122,397.8,1.0
2766,0.2983291,233.9,1.0
2767,0.35549948,402.4,1.0
2768,0.29868838,642.7,1.0
2769,0.405169,1113.8,1.0
2770,0.30967537,2431.8,1.0
2771,0.52815527,1591.0,1.0
2772,0.3571397,379.1,1.0
2773,0.356638,389.6,1.0
2774,0.3554553,402.8,1.0
2775,0.33948886,481.8,1.0
2776,0.32199252,544.8,1.0
2777,0.29389533,674.0,1.0
2778,0.32170394,260.9,1.0
2779,0.3005765,846.2,1.0
2780,0.29005238,718.8,1.0
2781,0.49139142,1302.6,1.0
2782,0.8390975,2750.4,1.0
2783,0.5339623,1530.0,1.0
2784,0.35720757,368.6,1.0
2785,0.25928617,201.2,1.0
2786,0.3001076,635.0,1.0
2787,0.2895936,736.0,1.0
2788,0.2956338,818.9,1.0
2789,0.328992,519.9,1.0
2790,0.3572166,375.3,1.0
2791,0.31179366,248.4,1.0
2792,0.3501954,318.6,1.0
2793,0.4958034,1314.6,1.0
2794,0.25341722,2192.1,1.0
2795,0.49496248,1710.8,1.0
2796,0.45653936,1219.9,1.0
2797,0.47888136,1749.1,1.0
2798,0.30390906,861.3,0.0
2799,0.44364884,1192.4,0.0
2800,0.51052696,1359.6,0.0
2801,0.4748579,1261.3,0.0
2802,0.5087068,1672.0,0.0
2803,0.3401505,972.9,0.0
2804,0.30220383,624.4,0.0
2805,0.35689893,359.8,0.0
2806,0.34478748,302.5,0.0
2807,0.32997218,273.1,0.0
2808,0.33659136,492.6,0.0
2809,0.3267916,527.7,0.0
2810,0.31138623,584.5,0.0
2811,0.3490939,441.7,0.0
2812,0.3365369,492.8,0.0
2813,0.29031536,713.4,0.0
2814,0.28894436,225.0,0.0
2815,0.18789102,158.9,0.0
2816,0.33142373,950.5,0.0
2817,0.5298812,1449.7,0.0
2818,0.41425636,1872.0,0.0
2819,0.52539325,1606.8,0.0
2820,0.4393363,1183.4,0.0
2821,1.0879016,2845.5,0.0
2822,0.3064802,604.8,1.0
2823,0.4177771,1139.3,1.0
2824,0.31184146,582.7,1.0
2825,0.2915854,695.5,1.0
2826,0.34940413,440.2,1.0
2827,0.35180834,427.7,1.0
2828,0.3422318,471.2,1.0
2829,0.39076424,1084.5,1.0
2830,0.3186298,2034.4,1.0
2831,0.37154353,1044.4,1.0
2832,0.2913964,783.7,1.0
2833,0.33933035,482.4,1.0
2834,0.3542297,336.3,1.0
2835,0.35122517,430.9,1.0
2836,0.35535404,403.7,1.0
2837,0.35718334,377.3,1.0
2838,0.30708337,602.2,1.0
2839,0.30287236,856.8,1.0
2840,0.29296082,799.2,1.0
2841,0.30649447,871.9,1.0
2842,0.42447427,1854.3,1.0
2843,0.3480727,446.5,1.0
2844,0.35721344,369.0,1.0
2845,0.17390023,152.1,1.0
2846,0.31034958,886.4,1.0
2847,0.29586846,659.8,1.0
2848,0.31315705,896.2,1.0
2849,0.321159,547.8,1.0
2850,0.32176992,545.6,1.0
2851,0.25788578,200.2,1.0
2852,0.34113297,475.5,1.0
2853,0.53380716,1534.3,1.0
2854,0.50022525,1327.2,1.0
2855,0.3870744,1917.8,1.0
2856,0.29805598,646.3,1.0
2857,0.5262138,1602.4,0.0
2858,0.5329277,1549.8,0.0
2859,0.29525253,816.4,0.0
2860,0.49206528,1304.4,0.0
2861,0.27395105,2376.8,0.0
2862,0.2995207,2070.7,0.0
2863,0.532834,1478.3,0.0
2864,0.33359072,503.5,0.0
2865,0.3142393,573.4,0.0
2866,0.34295243,298.0,0.0
2867,0.3520647,325.8,0.0
2868,0.33879972,484.4,0.0
2869,0.29015273,716.6,0.0
2870,0.2988479,837.5,0.0
2871,0.34860802,313.3,0.0
2872,0.30906,593.9,0.0
2873,0.35059986,434.2,0.0
2874,0.33210227,276.6,0.0
2875,0.30454305,240.3,0.0
2876,0.32199252,544.8,0.0
2877,0.2926651,796.6,0.0
2878,0.276472,2121.0,0.0
2879,0.4465006,1198.4,0.0
2880,0.53389496,1532.0,0.0
2881,0.30559224,2058.8,0.0
2882,0.53355247,1539.8,1.0
2883,0.34520403,459.1,1.0
2884,0.28988692,723.0,1.0
2885,0.5252233,1420.5,1.0
2886,0.33101884,512.7,1.0
2887,0.33731595,286.0,1.0
2888,0.30671126,603.8,1.0
2889,0.28963658,732.7,1.0
2890,0.38509127,1921.1,1.0
2891,0.31602892,905.7,1.0
2892,0.34662482,453.0,1.0
2893,0.31928405,554.6,1.0
2894,0.34551156,457.8,1.0
2895,0.3347266,499.4,1.0
2896,0.35344094,332.1,1.0
2897,0.29346266,677.5,1.0
2898,0.34298605,468.2,1.0
2899,0.29626667,657.2,1.0
2900,0.29142192,697.4,1.0
2901,0.34378532,981.8,1.0
2902,0.6407058,2663.1,1.0
2903,0.41988227,1862.3,1.0
2904,0.28956977,741.4,1.0
2905,0.2753491,213.4,1.0
2906,0.34802675,311.5,1.0
2907,0.29258776,795.9,1.0
2908,0.28956956,740.9,1.0
2909,0.25900713,201.0,1.0
2910,0.3536573,333.2,1.0
2911,0.34634987,454.2,1.0
2912,0.31544295,903.8,1.0
2913,0.79852194,2733.7,1.0
2914,0.39755207,1900.3,1.0
2915,0.31579676,567.5,0.0
2916,0.36661476,1033.8,0.0
2917,0.5163058,1646.2,0.0
2918,0.32350025,2025.6,0.0
2919,0.31001437,590.0,0.0
2920,0.51590216,1379.0,0.0
2921,0.2699279,2368.6,0.0
2922,0.46059865,1787.4,0.0
2923,0.29044792,770.6,0.0
2924,0.29024747,767.0,0.0
2925,0.34905222,441.9,0.0
2926,0.19245547,161.2,0.0
2927,0.32364973,263.6,0.0
2928,0.30591655,869.6,0.0
2929,0.34930122,440.7,0.0
2930,0.34144163,474.3,0.0
2931,0.27609152,214.0,0.0
2932,0.2978668,647.4,0.0
2933,0.2985816,643.3,0.0
2934,0.34679845,307.9,0.0
2935,0.3169207,563.3,0.0
2936,0.30643415,605.0,0.0
2937,0.39266983,1088.4,0.0
2938,0.3699853,1946.2,0.0
2939,0.52685577,1598.8,0.0
2940,0.42172387,1147.3,0.0
2941,0.24564865,2271.5,0.0
2942,0.34595,987.0,0.0
2943,0.2965015,655.7,1.0
2944,0.29467317,668.1,1.0
2945,0.36869776,1038.3,1.0
2946,0.31969574,553.1,1.0
2947,0.33457747,280.9,1.0
2948,0.31023842,886.0,1.0
2949,0.5341599,1521.2,1.0
2950,0.4538614,1214.1,1.0
2951,0.3572335,371.2,1.0
2952,0.31743297,561.4,1.0
2953,0.33138376,511.4,1.0
2954,0.29863492,643.0,1.0
2955,0.29094893,778.1,1.0
2956,0.31705624,254.8,1.0
2957,0.32546696,532.4,1.0
2958,0.35719925,368.1,1.0
2959,0.34298605,468.2,1.0
2960,0.30240977,623.4,1.0
2961,0.34670615,988.8,1.0
2962,1.1263045,2859.5,1.0
2963,0.43255654,1169.4,1.0
2964,0.33977866,480.7,1.0
2965,0.28081164,217.9,1.0
2966,0.2899195,722.1,1.0
2967,0.30609146,870.3,1.0
2968,0.3114192,890.2,1.0
2969,0.35367662,333.3,1.0
2970,0.35427818,412.2,1.0
2971,0.32386503,538.1,1.0
2972,0.4949726,1312.3,1.0
2973,1.0889949,2845.9,1.0
2974,0.53355247,1539.8,0.0
2975,0.31153762,583.9,0.0
2976,0.3052745,867.0,0.0
2977,0.29797336,832.8,0.0
2978,0.704006,2692.7,0.0
2979,0.5342002,1516.3,0.0
2980,0.299249,639.6,0.0
2981,0.5302668,1452.7,0.0
2982,0.40674794,1884.8,0.0
2983,0.5212923,1401.3,0.0
2984,0.30778283,876.9,0.0
2985,0.35319692,330.9,0.0
2986,0.353904,334.5,0.0
2987,0.35048363,434.8,0.0
2988,0.33320117,504.9,0.0
2989,0.35373423,333.6,0.0
2990,0.2602587,201.9,0.0
2991,0.309523,592.0,0.0
2992,0.30363104,617.6,0.0
2993,0.3156372,568.1,0.0
2994,0.32059366,259.4,0.0
2995,0.31194302,582.3,0.0
2996,0.30576733,869.0,0.0
2997,0.39629745,1095.8,0.0
2998,0.40289715,1109.2,0.0
2999,0.43115863,1842.5,0.0
3000,0.2827648,2106.2,0.0
3001,0.40367407,1890.0,0.0
3002,0.29678246,826.0,0.0
3003,0.32698905,527.0,1.0
3004,0.33219624,508.5,1.0
3005,0.2921852,689.1,1.0
3006,0.29631335,656.9,1.0
3007,0.34958813,439.3,1.0
3008,0.48784417,1293.3,1.0
3009,0.4123292,1875.3,1.0
3010,0.29025206,714.6,1.0
3011,0.29202816,690.7,1.0
3012,0.29594418,659.3,1.0
3013,0.31090897,586.4,1.0
3014,0.3454644,458.0,1.0
3015,0.30966997,591.4,1.0
3016,0.3475465,448.9,1.0
3017,0.3443156,462.8,1.0
3018,0.31504843,252.3,1.0
3019,0.3202189,258.9,1.0
3020,0.33895928,483.8,1.0
3021,0.5315362,1565.4,1.0
3022,0.4277737,1848.5,1.0
3023,0.53397375,1499.9,1.0
3024,0.3565041,391.5,1.0
3025,0.30879372,595.0,1.0
3026,0.32002592,551.9,1.0
3027,0.31751406,561.1,1.0
3028,0.35566482,345.9,1.0
3029,0.32938668,518.5,1.0
3030,0.3043896,614.1,1.0
3031,0.36203948,1023.8,1.0
3032,0.44764367,1812.4,1.0
3033,0.47257733,1762.8,0.0
3034,0.52046496,1629.8,0.0
3035,0.3596915,1018.6,0.0
3036,0.3214087,546.9,0.0
3037,0.30111584,629.8,0.0
3038,0.4335658,1838.2,0.0
3039,0.52804375,1591.7,0.0
3040,0.5341333,1506.6,0.0
3041,0.47711486,1753.0,0.0
3042,0.34802148,1983.0,0.0
3043,0.52688265,1429.8,0.0
3044,0.31716308,562.4,0.0
3045,0.34303713,298.2,0.0
3046,0.32364973,263.6,0.0
3047,0.30293062,620.9,0.0
3048,0.35285327,421.6,0.0
3049,0.21547373,173.5,0.0
3050,0.31398022,251.0,0.0
3051,0.3545702,338.3,0.0
3052,0.33174828,510.1,0.0
3053,0.5090726,1354.7,0.0
3054,0.3021833,624.5,0.0
3055,0.34898955,442.2,0.0
3056,0.35722935,370.5,0.0
3057,0.29131395,698.7,0.0
3058,0.5269504,1430.2,0.0
3059,0.3344218,2460.3,0.0
3060,0.2682056,2142.4,0.0
3061,0.31510097,2438.5,0.0
3062,0.3169344,908.6,0.0
3063,0.27633804,214.2,1.0
3064,0.33156452,275.7,1.0
3065,0.2945371,669.1,1.0
3066,0.35122517,430.9,1.0
3067,0.35426477,336.5,1.0
3068,0.312834,895.1,1.0
3069,0.32730412,2452.6,1.0
3070,0.53417474,1509.6,1.0
3071,0.29333115,678.6,1.0
3072,0.29497862,665.9,1.0
3073,0.30586234,607.5,1.0
3074,0.2979182,647.1,1.0
3075,0.33239806,277.1,1.0
3076,0.34115875,475.4,1.0
3077,0.35499477,341.0,1.0
3078,0.3285792,270.9,1.0
3079,0.33144408,275.5,1.0
3080,0.2901864,765.8,1.0
3081,0.51411605,1372.3,1.0
3082,0.28827402,2094.0,1.0
3083,0.43143564,1167.1,1.0
3084,0.28959614,746.1,1.0
3085,0.34115875,475.4,1.0
3086,0.32389307,538.0,1.0
3087,0.35593578,348.2,1.0
3088,0.3271301,526.5,1.0
3089,0.2976119,648.9,1.0
3090,0.29617172,822.3,1.0
3091,0.5337308,1493.4,0.0
3092,0.4420483,1822.8,0.0
3093,0.48080337,1275.6,0.0
3094,0.40502077,1113.5,0.0
3095,0.3515778,323.8,0.0
3096,0.26204818,203.2,0.0
3097,0.29436275,670.4,0.0
3098,0.53419703,1517.1,0.0
3099,0.40580344,1886.4,0.0
3100,0.5341726,1509.4,0.0
3101,0.53415066,1507.7,0.0
3102,0.42835668,1160.8,0.0
3103,0.29043025,770.3,0.0
3104,0.31718653,909.4,0.0
3105,0.3475934,310.2,0.0
3106,0.33770174,488.5,0.0
3107,0.29465362,812.3,0.0
3108,0.32074362,549.3,0.0
3109,0.34952906,316.3,0.0
3110,0.35709676,364.2,0.0
3111,0.33839956,485.9,0.0
3112,0.29474187,667.6,0.0
3113,0.34988096,317.5,0.0
3114,0.2515688,195.8,0.0
3115,0.2570393,199.6,0.0
3116,0.34578136,305.1,0.0
3117,0.39120358,1085.4,0.0
3118,0.51840186,1388.9,0.0
3119,0.24566227,2271.8,0.0
3120,0.61430264,2650.1,0.0
3121,0.39808857,1899.4,0.0
3122,0.53351015,1540.6,0.0
3123,0.21242914,171.8,1.0
3124,0.35429206,412.1,1.0
3125,0.30045274,845.6,1.0
3126,0.3021833,624.5,1.0
3127,0.3061816,606.1,1.0
3128,0.5163691,1380.8,1.0
3129,0.33950874,2465.6,1.0
3130,0.53390205,1531.8,1.0
3131,0.30076337,847.1,1.0
3132,0.29265398,796.5,1.0
3133,0.2926651,796.6,1.0
3134,0.316652,564.3,1.0
3135,0.1657525,148.3,1.0
3136,0.35448718,337.8,1.0
3137,0.33686325,491.6,1.0
3138,0.33108076,274.9,1.0
3139,0.3076685,243.7,1.0
3140,0.3226404,926.0,1.0
3141,0.4031408,1890.9,1.0
3142,0.24647902,2283.6,1.0
3143,0.32813638,941.6,1.0
3144,0.29192585,789.5,1.0
3145,0.32310882,540.8,1.0
3146,0.35717484,366.9,1.0
3147,0.3570388,382.1,1.0
3148,0.31174004,583.1,1.0
3149,0.4016142,1106.6,1.0
3150,0.4910342,1720.7,0.0
3151,0.51734287,1642.3,0.0
3152,0.30068013,846.7,0.0
3153,0.37028086,1041.7,0.0
3154,0.29204375,790.7,0.0
3155,0.3439901,300.5,0.0
3156,0.35315543,330.7,0.0
3157,0.34409663,463.7,0.0
3158,0.5045748,1684.5,0.0
3159,0.4089273,1881.1,0.0
3160,0.5339091,1531.6,0.0
3161,0.47295293,1762.0,0.0
3162,0.5341274,1523.3,0.0
3163,0.50144744,1330.8,0.0
3164,0.31073403,587.1,0.0
3165,0.35479817,408.3,0.0
3166,0.34539357,458.3,0.0
3167,0.31401825,899.1,0.0
3168,0.36606175,1032.6,0.0
3169,0.35682878,386.5,0.0
3170,0.35714415,365.7,0.0
3171,0.2696408,208.9,0.0
3172,0.3445117,301.8,0.0
3173,0.32019126,551.3,0.0
3174,0.11676339,127.5,0.0
3175,0.32504794,265.6,0.0
3176,0.2975277,649.4,0.0
3177,0.33208433,508.9,0.0
3178,0.4984633,1701.6,0.0
3179,0.3215457,2446.1,0.0
3180,0.34244236,1992.5,0.0
3181,0.44421372,1818.8,0.0
3182,0.4906378,1300.6,0.0
3183,0.33834606,486.1,1.0
3184,0.35479534,339.7,1.0
3185,0.34467807,461.3,1.0
3186,0.35605574,349.3,1.0
3187,0.35694763,384.2,1.0
3188,0.48080337,1275.6,1.0
3189,0.5186288,1637.3,1.0
3190,0.4360047,1176.5,1.0
3191,0.30428645,862.9,1.0
3192,0.32746866,525.3,1.0
3193,0.3537305,416.0,1.0
3194,0.3381489,967.9,1.0
3195,0.34151858,474.0,1.0
3196,0.31610006,253.6,1.0
3197,0.3543884,411.4,1.0
3198,0.3393832,482.2,1.0
3199,0.3337376,956.6,1.0
3200,0.41451544,1132.7,1.0
3201,0.3393062,970.8,1.0
3202,0.40886846,1881.2,1.0
3203,0.3231193,927.4,1.0
3204,0.3083368,596.9,1.0
3205,0.30181634,626.3,1.0
3206,0.31345776,576.4,1.0
3207,0.29170108,694.2,1.0
3208,0.2901095,764.2,0.0
3209,0.53247744,1473.8,0.0
3210,0.37305382,1941.1,0.0
3211,0.46029654,1788.0,0.0
3212,0.3318374,951.6,0.0
3213,0.29265398,796.5,0.0
3214,0.32316476,540.6,0.0
3215,0.30378148,616.9,0.0
3216,0.12430254,130.5,0.0
3217,0.35598072,397.7,0.0
3218,0.53023726,1576.5,0.0
3219,0.53409535,1504.6,0.0
3220,0.38995558,1913.0,0.0
3221,0.33317664,2008.5,0.0
3222,0.44019505,1826.2,0.0
3223,0.5088024,1671.7,0.0
3224,0.32060537,549.8,0.0
3225,0.2941153,229.8,0.0
3226,0.3422065,471.3,0.0
3227,0.3369447,491.3,0.0
3228,0.30442917,863.5,0.0
3229,0.4233489,1150.6,0.0
3230,0.35678875,387.2,0.0
3231,0.35585472,399.0,0.0
3232,0.33439496,500.6,0.0
3233,0.35723582,372.3,0.0
3234,0.29029927,713.7,0.0
3235,0.35524178,342.7,0.0
3236,0.35549948,344.6,0.0
3237,0.29050973,710.0,0.0
3238,0.527835,1435.6,0.0
3239,0.5016021,1693.0,0.0
3240,0.316402,906.9,0.0
3241,0.2537167,2190.8,0.0
3242,0.2455819,2269.9,0.0
3243,0.3412875,474.9,1.0
3244,0.33308974,505.3,1.0
3245,0.34458172,461.7,1.0
3246,0.4119932,1127.6,1.0
3247,0.33314547,505.1,1.0
3248,0.5252783,1607.4,1.0
3249,0.4180653,2533.2,1.0
3250,0.486606,1731.4,1.0
3251,0.347701,448.2,1.0
3252,0.35651147,391.4,1.0
3253,0.34863117,443.9,1.0
3254,0.3666609,1033.9,1.0
3255,0.28362644,220.3,1.0
3256,0.28905475,225.1,1.0
3257,0.35694665,360.7,1.0
3258,0.3408487,476.6,1.0
3259,0.33070976,513.8,1.0
3260,0.31271702,894.7,1.0
3261,0.48287,1740.1,1.0
3262,0.4937108,1714.0,1.0
3263,0.45200098,1210.1,1.0
3264,0.31068414,587.3,1.0
3265,0.30959645,591.7,1.0
3266,0.29932237,639.2,0.0
3267,0.35425034,412.4,0.0
3268,0.47549167,1262.8,0.0
3269,0.38691995,1076.6,0.0
3270,0.5190796,1635.5,0.0
3271,0.5300552,1577.9,0.0
3272,0.3609982,1021.5,0.0
3273,0.35721862,369.4,0.0
3274,0.3214642,546.7,0.0
3275,0.32559705,266.4,0.0
3276,0.3554664,402.7,0.0
3277,0.35254973,327.9,0.0
3278,0.39056906,1084.1,0.0
3279,0.43882513,1828.7,0.0
3280,0.3306623,2012.9,0.0
3281,0.33347923,2459.3,0.0
3282,0.6561219,2670.5,0.0
3283,0.43948346,1827.5,0.0
3284,0.29212394,791.5,0.0
3285,0.35530826,404.1,0.0
3286,0.3499675,317.8,0.0
3287,0.29577816,660.4,0.0
3288,0.29211593,689.8,0.0
3289,0.29067436,774.2,0.0
3290,0.35706347,363.3,0.0
3291,0.09932577,120.8,0.0
3292,0.3247917,534.8,0.0
3293,0.3461653,455.0,0.0
3294,0.3614504,1022.5,0.0
3295,0.29209948,227.9,0.0
3296,0.35709023,380.7,0.0
3297,0.29282266,798.0,0.0
3298,0.531793,1466.3,0.0
3299,0.27492973,2124.8,0.0
3300,0.35105452,999.0,0.0
3301,0.34557325,986.1,0.0
3302,0.44833502,1811.1,0.0
3303,0.51832855,1388.6,1.0
3304,0.29585338,659.9,1.0
3305,0.33317333,505.0,1.0
3306,0.29067436,774.2,1.0
3307,0.28983328,757.2,1.0
3308,0.47599706,1264.0,1.0
3309,0.51855296,1637.6,1.0
3310,0.4907096,1721.5,1.0
3311,0.2956587,661.2,1.0
3312,0.3436555,465.5,1.0
3313,0.3515924,428.9,1.0
3314,0.3190923,555.3,1.0
3315,0.3560739,396.7,1.0
3316,0.33912358,289.6,1.0
3317,0.3460262,455.6,1.0
3318,0.29520595,664.3,1.0
3319,0.3570466,381.9,1.0
3320,0.5325453,1554.7,1.0
3321,0.28639162,2098.1,1.0
3322,0.42407432,1855.0,0.0
3323,0.40749228,1118.5,0.0
3324,0.29680422,653.8,0.0
3325,0.34551156,457.8,0.0
3326,0.34899497,994.2,0.0
3327,0.44919077,1204.1,0.0
3328,0.5156141,1377.9,0.0
3329,0.3846704,1921.8,0.0
3330,0.29757667,2074.6,0.0
3331,0.34933662,995.0,0.0
3332,0.31251293,894.0,0.0
3333,0.34696525,451.5,0.0
3334,0.34946564,439.9,0.0
3335,0.32832137,270.5,0.0
3336,0.35359898,332.9,0.0
3337,0.29809058,646.1,0.0
3338,0.4383245,1181.3,0.0
3339,0.52837527,1589.6,0.0
3340,0.788498,2729.5,0.0
3341,0.45237392,1210.9,0.0
3342,0.86592174,2761.2,0.0
3343,0.43435585,1173.1,0.0
3344,0.38503084,1072.7,0.0
3345,0.34952906,316.3,0.0
3346,0.30210137,624.9,0.0
3347,0.35563964,401.1,0.0
3348,0.30395418,616.1,0.0
3349,0.29527786,663.8,0.0
3350,0.30137575,850.0,0.0
3351,0.0642121,108.2,0.0
3352,0.33095896,274.7,0.0
3353,0.33059728,514.2,0.0
3354,0.41169643,1127.0,0.0
3355,0.35718986,367.6,0.0
3356,0.3076685,243.7,0.0
3357,0.2955403,662.0,0.0
3358,0.51723605,1384.2,0.0
3359,0.39413872,1091.4,0.0
3360,0.51326436,1369.2,0.0
3361,0.5109244,1664.9,0.0
3362,0.44280806,1821.4,0.0
3363,0.30574253,868.9,0.0
3364,0.29709643,652.0,1.0
3365,0.29374456,675.2,1.0
3366,0.3555769,345.2,1.0
3367,0.3101275,885.6,1.0
3368,0.30154744,850.8,1.0
3369,0.38822153,2510.0,1.0
3370,0.4505519,1207.0,1.0
3371,0.2896213,733.7,1.0
3372,0.3465493,307.2,1.0
3373,0.35687235,385.7,1.0
3374,0.35653242,354.4,1.0
3375,0.35567123,400.8,1.0
3376,0.3518262,427.6,1.0
3377,0.29002056,762.2,1.0
3378,0.33370185,503.1,0.0
3379,0.33653235,284.5,0.0
3380,0.5088661,1671.5,0.0
3381,0.33226052,2010.1,0.0
3382,0.33574784,961.8,0.0
3383,0.29946724,840.7,0.0
3384,0.3522526,326.6,0.0
3385,0.316652,564.3,0.0
3386,0.33153638,950.8,0.0
3387,0.53273106,1552.4,0.0
3388,0.50528836,1342.5,0.0
3389,0.52711535,1597.3,0.0
3390,0.40177652,1893.2,0.0
3391,0.35421208,336.2,0.0
3392,0.29685256,653.5,0.0
3393,0.37290496,1047.3,0.0
3394,0.29520762,816.1,0.0
3395,0.3562922,394.2,0.0
3396,0.33616048,283.8,0.0
3397,0.31123513,585.1,0.0
3398,0.35409856,1006.0,0.0
3399,0.2808477,2110.6,0.0
3400,0.2469853,2230.2,0.0
3401,0.3849109,1921.4,0.0
3402,0.34686875,2473.0,0.0
3403,0.53418696,1510.9,0.0
3404,0.29761392,830.8,0.0
3405,0.3131731,577.5,0.0
3406,0.33922103,289.8,0.0
3407,0.3167594,563.9,0.0
3408,0.29312062,680.4,0.0
3409,0.33169222,510.3,0.0
3410,0.3263968,529.1,0.0
3411,0.35561842,401.3,0.0
3412,0.334699,499.5,0.0
3413,0.33954164,481.6,0.0
3414,0.30093852,630.7,0.0
3415,0.3567858,357.9,0.0
3416,0.357219,375.1,0.0
3417,0.33051294,514.5,0.0
3418,0.38551465,1073.7,0.0
3419,0.38266647,1067.8,0.0
3420,0.29532123,663.5,0.0
3421,0.32997006,946.6,0.0
3422,0.2455482,2250.5,0.0
3423,0.29968455,841.8,0.0
3424,0.36090788,1021.3,0.0
3425,0.34113297,475.5,1.0
3426,0.34505978,303.2,1.0
3427,0.34901443,314.6,1.0
3428,0.43372422,1171.8,1.0
3429,0.65025616,2667.7,1.0
3430,0.34507874,1988.0,1.0
3431,0.5340528,1526.8,1.0
3432,0.34566912,304.8,0.0
3433,0.3398312,480.5,0.0
3434,0.35275453,422.2,0.0
3435,0.35140157,323.1,0.0
3436,0.35599017,397.6,0.0
3437,0.31641078,565.2,0.0
3438,0.3497647,317.1,0.0
3439,0.3295276,518.0,0.0
3440,0.28965205,731.8,0.0
3441,0.8497244,2754.7,0.0
3442,0.48727998,1729.8,0.0
3443,0.36422607,1028.6,0.0
3444,0.31764936,560.6,0.0
3445,0.32930213,518.8,0.0
3446,0.33649078,963.7,0.0
3447,0.2952203,664.2,0.0
3448,0.5262138,1602.4,0.0
3449,0.30525005,866.9,0.0
3450,0.5108773,1360.8,0.0
3451,0.3379976,487.4,0.0
3452,0.3204672,550.3,0.0
3453,0.31735194,561.7,0.0
3454,0.34271073,469.3,0.0
3455,0.35700893,362.0,0.0
3456,0.35283688,421.7,0.0
3457,0.29124108,699.6,0.0
3458,0.5247113,1417.8,0.0
3459,1.7732619,3276.5,0.0
3460,0.24801312,2296.5,0.0
3461,1.633465,3053.5,0.0
3462,0.5134028,1369.7,0.0
3463,0.53206587,1560.1,0.0
3464,0.30369878,860.4,0.0
3465,0.3398575,480.4,0.0
3466,0.35722533,374.5,0.0
3467,0.2895802,744.2,0.0
3468,0.3314118,511.3,0.0
3469,0.32366878,538.8,0.0
3470,0.34593317,456.0,0.0
3471,0.29476947,667.4,0.0
3472,0.29440105,810.5,0.0
3473,0.28962868,733.2,0.0
3474,0.3561186,349.9,0.0
3475,0.28999752,720.1,0.0
3476,0.300826,847.4,0.0
3477,0.3138476,574.9,0.0
3478,0.29209372,791.2,0.0
3479,0.38213718,1066.7,0.0
3480,0.29238808,687.1,0.0
3481,0.32074362,549.3,0.0
3482,0.25920102,2169.9,0.0
3483,0.5142567,1653.6,0.0
3484,0.32257223,925.8,0.0
3485,0.3570186,382.6,0.0
3486,0.34745774,309.8,0.0
3487,0.31869617,256.9,0.0
3488,0.3771624,1056.3,0.0
3489,0.3056682,868.6,0.0
3490,0.24563102,2271.1,0.0
3491,0.5194821,1393.4,0.0
3492,0.32656598,528.5,0.0
3493,0.30748194,600.5,0.0
3494,0.3167863,563.8,0.0
3495,0.33579937,495.5,0.0
3496,0.2962978,657.0,0.0
3497,0.35512748,341.9,0.0
3498,0.3226896,542.3,0.0
3499,0.35664085,355.8,0.0
3500,0.508194,1673.6,0.0
3501,0.31175205,2047.1,0.0
3502,0.29094893,778.1,0.0
3503,0.40442795,1112.3,0.0
3504,0.35449678,410.6,0.0
3505,0.35488853,340.3,0.0
3506,0.33188835,509.6,0.0
3507,0.27519083,2379.2,0.0
3508,0.29639214,2077.0,0.0
3509,0.52334183,1410.9,0.0
3510,0.29027906,767.6,0.0
3511,0.28979573,725.8,0.0
3512,0.35211203,326.0,0.0
3513,0.2977474,648.1,0.0
3514,0.29227775,793.0,0.0
3515,0.28957748,738.1,0.0
3516,0.28971744,728.7,0.0
3517,0.29923272,839.5,0.0
3518,0.29203382,790.6,0.0
3519,0.4421894,3500.0,0.0
3520,0.4421894,3500.0,0.0
3521,0.44139555,1824.0,0.0
3522,0.33146128,950.6,0.0
3523,0.3561796,350.5,0.0
3524,0.33919802,482.9,0.0
3525,0.344472,301.7,0.0
3526,0.23847347,187.2,0.0
3527,0.3490939,441.7,0.0
3528,0.35528374,343.0,0.0
3529,0.2015248,165.9,0.0
3530,0.30051455,236.1,0.0
3531,0.28970796,729.1,0.0
3532,0.40418094,1111.8,0.0
3533,0.31770352,560.4,0.0
3534,0.30119503,629.4,0.0
3535,0.32842746,942.4,0.0
3536,0.2992716,839.7,0.0
3537,0.3166833,907.8,0.0
3538,0.29588357,659.7,0.0
3539,0.35722095,369.6,0.0
3540,0.3571577,366.2,0.0
3541,0.3257486,531.4,0.0
3542,0.41994897,1143.7,0.0
3543,0.45668754,1795.1,0.0
3544,0.5341047,1524.5,0.0
3545,0.29529765,816.7,0.0
3546,0.3208174,259.7,0.0
3547,0.34320566,298.6,0.0
3548,0.29279992,797.8,0.0
3549,0.24646057,2283.4,0.0
3550,0.28967056,2091.0,0.0
3551,0.30109933,848.7,0.0
3552,0.3206873,920.2,0.0
3553,0.3169344,908.6,0.0
3554,0.430313,1164.8,0.0
3555,0.3057262,608.1,0.0
3556,0.33409032,501.7,0.0
3557,0.31561673,253.0,0.0
3558,0.29073966,706.4,0.0
3559,0.32835463,942.2,0.0
3560,0.608929,2647.4,0.0
3561,0.4951565,1710.3,0.0
3562,0.39762446,1098.5,0.0
3563,0.3197625,917.4,0.0
3564,0.30933157,882.7,0.0
3565,0.29699844,652.6,0.0
3566,0.3962395,1902.5,0.0
3567,0.5167615,1644.5,0.0
3568,0.5341975,1517.0,0.0
3569,0.33659136,492.6,0.0
3570,0.50642884,1346.1,0.0
3571,0.30076337,847.1,0.0
3572,0.357219,375.1,0.0
3573,0.31884617,556.2,0.0
3574,0.29873395,836.9,0.0
3575,0.32687622,527.4,0.0
3576,0.29615557,822.2,0.0
3577,0.51840186,1388.9,0.0
3578,0.3188494,2034.0,0.0
3579,0.2544269,2187.8,0.0
3580,1.3137373,2927.3,0.0
3581,0.5317125,1563.7,0.0
3582,0.3519681,426.8,0.0
3583,0.31915697,257.5,0.0
3584,0.3328946,506.0,0.0
3585,0.18057731,155.3,0.0
3586,0.29982483,235.4,0.0
3587,0.34333128,298.9,0.0
3588,0.35676506,387.6,0.0
3589,0.35698116,361.4,0.0
3590,0.3428611,468.7,0.0
3591,0.31199387,582.1,0.0
3592,0.3332786,955.4,0.0
3593,0.35670334,388.6,0.0
3594,0.35542017,344.0,0.0
3595,0.29112512,780.4,0.0
3596,0.37873492,1059.6,0.0
3597,0.53244406,1555.9,0.0
3598,0.29007298,763.4,0.0
3599,0.28995752,721.1,0.0
